Data Source,World Development Indicators,,,,,,,,,,,,,,,,,,,,,,,,,,,,,,,,,,,,,,,,,,,,,,,,,,,,,,,,,,,,,,,,
,,,,,,,,,,,,,,,,,,,,,,,,,,,,,,,,,,,,,,,,,,,,,,,,,,,,,,,,,,,,,,,,,
Last Updated Date,22/12/2022,,,,,,,,,,,,,,,,,,,,,,,,,,,,,,,,,,,,,,,,,,,,,,,,,,,,,,,,,,,,,,,,
,,,,,,,,,,,,,,,,,,,,,,,,,,,,,,,,,,,,,,,,,,,,,,,,,,,,,,,,,,,,,,,,,
Country Name,Country Code,Indicator Name,Indicator Code,1960,1961,1962,1963,1964,1965,1966,1967,1968,1969,1970,1971,1972,1973,1974,1975,1976,1977,1978,1979,1980,1981,1982,1983,1984,1985,1986,1987,1988,1989,1990,1991,1992,1993,1994,1995,1996,1997,1998,1999,2000,2001,2002,2003,2004,2005,2006,2007,2008,2009,2010,2011,2012,2013,2014,2015,2016,2017,2018,2019,2020,2021
Aruba,ABW,Statistical Capacity Score (Overall Average) (scale 0 - 100),IQ.SCI.OVRL,,,,,,,,,,,,,,,,,,,,,,,,,,,,,,,,,,,,,,,,,,,,,,,,,,,,,,,,,,,,,,
Africa Eastern and Southern,AFE,Statistical Capacity Score (Overall Average) (scale 0 - 100),IQ.SCI.OVRL,,,,,,,,,,,,,,,,,,,,,,,,,,,,,,,,,,,,,,,,,,,,,58.13131303,58.68686879,57.97979788,58.18181818,58.13131318,58.63636364,59.6464647,60.30303,60.45454561,58.28502415,58.14009662,59.13044638,58.59904493,59.71014783,58.06764348,58.50242464,57.63286087,
Afghanistan,AFG,Statistical Capacity Score (Overall Average) (scale 0 - 100),IQ.SCI.OVRL,,,,,,,,,,,,,,,,,,,,,,,,,,,,,,,,,,,,,,,,,,,,,24.44444444,31.11111111,32.22222222,34.44444444,45.55555556,46.66666667,52.22222222,51.11111111,50,53.33333333,54.44444444,51.1111,51.1111,51.1111,50,50,57.7778,
Africa Western and Central,AFW,Statistical Capacity Score (Overall Average) (scale 0 - 100),IQ.SCI.OVRL,,,,,,,,,,,,,,,,,,,,,,,,,,,,,,,,,,,,,,,,,,,,,52.77777767,53.88888867,55.722222,55.94444417,54.111111,55.55555567,57.94444467,58.83333333,57.83068746,59.25925926,58.0952381,59.89419206,60.58202222,59.89418889,58.35979683,59.31217778,56.71958413,
Angola,AGO,Statistical Capacity Score (Overall Average) (scale 0 - 100),IQ.SCI.OVRL,,,,,,,,,,,,,,,,,,,,,,,,,,,,,,,,,,,,,,,,,,,,,41.11111111,45.55555556,45.55555556,42.22222222,42.22222222,45.55555556,45.55555556,47.77777778,50,47.77777778,48.88888889,47.77776667,42.22216667,45.5555,42.22223333,48.8889,45.55556667,
Albania,ALB,Statistical Capacity Score (Overall Average) (scale 0 - 100),IQ.SCI.OVRL,,,,,,,,,,,,,,,,,,,,,,,,,,,,,,,,,,,,,,,,,,,,,76.66666667,77.77777778,81.11111111,80,76.66666667,77.77777778,70,70,73.33333333,68.88888889,75.55555556,72.22223333,82.22223333,88.8889,82.22223333,78.8889,87.7778,
Andorra,AND,Statistical Capacity Score (Overall Average) (scale 0 - 100),IQ.SCI.OVRL,,,,,,,,,,,,,,,,,,,,,,,,,,,,,,,,,,,,,,,,,,,,,,,,,,,,,,,,,,,,,,
Arab World,ARB,Statistical Capacity Score (Overall Average) (scale 0 - 100),IQ.SCI.OVRL,,,,,,,,,,,,,,,,,,,,,,,,,,,,,,,,,,,,,,,,,,,,,,,,,,,,,,,,,,,,,,
United Arab Emirates,ARE,Statistical Capacity Score (Overall Average) (scale 0 - 100),IQ.SCI.OVRL,,,,,,,,,,,,,,,,,,,,,,,,,,,,,,,,,,,,,,,,,,,,,,,,,,,,,,,,,,,,,,
Argentina,ARG,Statistical Capacity Score (Overall Average) (scale 0 - 100),IQ.SCI.OVRL,,,,,,,,,,,,,,,,,,,,,,,,,,,,,,,,,,,,,,,,,,,,,92.22222222,88.88888889,88.88888889,85.55555556,86.66666667,87.77777778,86.66666667,85.55555556,85.55555556,76.66666667,83.33333333,95.55556667,88.8889,85.55556667,81.1111,80,78.8889,
Armenia,ARM,Statistical Capacity Score (Overall Average) (scale 0 - 100),IQ.SCI.OVRL,,,,,,,,,,,,,,,,,,,,,,,,,,,,,,,,,,,,,,,,,,,,,77.77777778,84.44444444,86.66666667,90,92.22222222,93.33333333,92.22222222,92.22222222,86.66666667,88.88888889,87.77777778,93.33333333,92.22223333,91.1111,93.33336667,93.33336667,94.44446667,
American Samoa,ASM,Statistical Capacity Score (Overall Average) (scale 0 - 100),IQ.SCI.OVRL,,,,,,,,,,,,,,,,,,,,,,,,,,,,,,,,,,,,,,,,,,,,,,,,,,,,,,,,,,,,,,
Antigua and Barbuda,ATG,Statistical Capacity Score (Overall Average) (scale 0 - 100),IQ.SCI.OVRL,,,,,,,,,,,,,,,,,,,,,,,,,,,,,,,,,,,,,,,,,,,,,,36.66666667,36.66666667,36.66666667,46.66666667,44.44444444,42.22222222,46.66666667,51.11111111,55.55555556,58.88888889,57.7778,57.7778,54.44446667,43.33333333,47.7778,44.44446667,
Australia,AUS,Statistical Capacity Score (Overall Average) (scale 0 - 100),IQ.SCI.OVRL,,,,,,,,,,,,,,,,,,,,,,,,,,,,,,,,,,,,,,,,,,,,,,,,,,,,,,,,,,,,,,
Austria,AUT,Statistical Capacity Score (Overall Average) (scale 0 - 100),IQ.SCI.OVRL,,,,,,,,,,,,,,,,,,,,,,,,,,,,,,,,,,,,,,,,,,,,,,,,,,,,,,,,,,,,,,
Azerbaijan,AZE,Statistical Capacity Score (Overall Average) (scale 0 - 100),IQ.SCI.OVRL,,,,,,,,,,,,,,,,,,,,,,,,,,,,,,,,,,,,,,,,,,,,,76.66666667,78.88888889,78.88888889,78.88888889,78.88888889,78.88888889,78.88888889,76.66666667,74.44444444,74.44444444,70,67.7778,75.55556667,82.22223333,77.77776667,76.66666667,80,
Burundi,BDI,Statistical Capacity Score (Overall Average) (scale 0 - 100),IQ.SCI.OVRL,,,,,,,,,,,,,,,,,,,,,,,,,,,,,,,,,,,,,,,,,,,,,43.33333333,45.55555556,44.44444444,48.88888889,48.88888889,61.11111111,54.44444444,54.44444444,52.22222222,57.77777778,54.44444444,55.55556667,62.22223333,63.33336667,57.7778,67.7778,57.77776667,
Belgium,BEL,Statistical Capacity Score (Overall Average) (scale 0 - 100),IQ.SCI.OVRL,,,,,,,,,,,,,,,,,,,,,,,,,,,,,,,,,,,,,,,,,,,,,,,,,,,,,,,,,,,,,,
Benin,BEN,Statistical Capacity Score (Overall Average) (scale 0 - 100),IQ.SCI.OVRL,,,,,,,,,,,,,,,,,,,,,,,,,,,,,,,,,,,,,,,,,,,,,53.33333333,56.66666667,54.44444444,57.77777778,56.66666667,56.66666667,55.55555556,58.88888889,57.77777778,66.66666667,65.55555556,66.66666667,73.33336667,73.33336667,63.33336667,68.88893333,62.22226667,
Burkina Faso,BFA,Statistical Capacity Score (Overall Average) (scale 0 - 100),IQ.SCI.OVRL,,,,,,,,,,,,,,,,,,,,,,,,,,,,,,,,,,,,,,,,,,,,,67.77777778,66.66666667,66.66666667,64.44444444,63.33333333,60,62.22222222,65.55555556,71.11111111,70,71.11111111,67.7778,74.44446667,73.33336667,68.8889,62.22223333,67.7778,
Bangladesh,BGD,Statistical Capacity Score (Overall Average) (scale 0 - 100),IQ.SCI.OVRL,,,,,,,,,,,,,,,,,,,,,,,,,,,,,,,,,,,,,,,,,,,,,70,72.22222222,75.55555556,75.55555556,66.66666667,65.55555556,68.88888889,68.88888889,65.55555556,65.55555556,80,76.6667,74.44443333,70.00003333,62.22223333,62.22223333,60,
Bulgaria,BGR,Statistical Capacity Score (Overall Average) (scale 0 - 100),IQ.SCI.OVRL,,,,,,,,,,,,,,,,,,,,,,,,,,,,,,,,,,,,,,,,,,,,,86.66666667,86.66666667,93.33333333,93.33333333,94.44444444,91.11111111,91.11111111,91.11111111,91.11111111,85.55555556,84.44444444,84.44443333,84.44443333,87.77776667,90,87.7778,85.55556667,
Bahrain,BHR,Statistical Capacity Score (Overall Average) (scale 0 - 100),IQ.SCI.OVRL,,,,,,,,,,,,,,,,,,,,,,,,,,,,,,,,,,,,,,,,,,,,,,,,,,,,,,,,,,,,,,
"Bahamas, The",BHS,Statistical Capacity Score (Overall Average) (scale 0 - 100),IQ.SCI.OVRL,,,,,,,,,,,,,,,,,,,,,,,,,,,,,,,,,,,,,,,,,,,,,,,,,,,,,,,,,,,,,,
Bosnia and Herzegovina,BIH,Statistical Capacity Score (Overall Average) (scale 0 - 100),IQ.SCI.OVRL,,,,,,,,,,,,,,,,,,,,,,,,,,,,,,,,,,,,,,,,,,,,,50,52.22222222,55.55555556,55.55555556,56.66666667,57.77777778,62.22222222,67.77777778,68.88888889,68.88888889,72.22222222,67.7778,72.22226667,65.55556667,71.11113333,64.44446667,60,
Belarus,BLR,Statistical Capacity Score (Overall Average) (scale 0 - 100),IQ.SCI.OVRL,,,,,,,,,,,,,,,,,,,,,,,,,,,,,,,,,,,,,,,,,,,,,80,83.33333333,80,83.33333333,83.33333333,84.44444444,85.55555556,85.55555556,86.66666667,86.66666667,87.77777778,87.77776667,87.77776667,87.77776667,81.1111,86.66666667,83.33333333,
Belize,BLZ,Statistical Capacity Score (Overall Average) (scale 0 - 100),IQ.SCI.OVRL,,,,,,,,,,,,,,,,,,,,,,,,,,,,,,,,,,,,,,,,,,,,,,66.66666667,65.55555556,62.22222222,61.11111111,62.22222222,61.11111111,56.66666667,58.88888889,57.77777778,55.55555556,54.44446667,62.22223333,62.22223333,63.33333333,63.33333333,58.8889,
Bermuda,BMU,Statistical Capacity Score (Overall Average) (scale 0 - 100),IQ.SCI.OVRL,,,,,,,,,,,,,,,,,,,,,,,,,,,,,,,,,,,,,,,,,,,,,,,,,,,,,,,,,,,,,,
Bolivia,BOL,Statistical Capacity Score (Overall Average) (scale 0 - 100),IQ.SCI.OVRL,,,,,,,,,,,,,,,,,,,,,,,,,,,,,,,,,,,,,,,,,,,,,68.88888889,70,67.77777778,67.77777778,66.66666667,70,66.66666667,70,67.77777778,72.22222222,76.66666667,78.8889,68.8889,67.77776667,66.66666667,66.66666667,66.66666667,
Brazil,BRA,Statistical Capacity Score (Overall Average) (scale 0 - 100),IQ.SCI.OVRL,,,,,,,,,,,,,,,,,,,,,,,,,,,,,,,,,,,,,,,,,,,,,83.33333333,86.66666667,90,91.11111111,86.66666667,86.66666667,83.33333333,84.44444444,78.88888889,75.55555556,75.55555556,72.22223333,76.66666667,74.44443333,84.44443333,84.44443333,81.1111,
Barbados,BRB,Statistical Capacity Score (Overall Average) (scale 0 - 100),IQ.SCI.OVRL,,,,,,,,,,,,,,,,,,,,,,,,,,,,,,,,,,,,,,,,,,,,,,,,,,,,,,,,,,,,,,
Brunei Darussalam,BRN,Statistical Capacity Score (Overall Average) (scale 0 - 100),IQ.SCI.OVRL,,,,,,,,,,,,,,,,,,,,,,,,,,,,,,,,,,,,,,,,,,,,,,,,,,,,,,,,,,,,,,
Bhutan,BTN,Statistical Capacity Score (Overall Average) (scale 0 - 100),IQ.SCI.OVRL,,,,,,,,,,,,,,,,,,,,,,,,,,,,,,,,,,,,,,,,,,,,,,57.77777778,62.22222222,57.77777778,63.33333333,73.33333333,75.55555556,77.77777778,74.44444444,75.55555556,78.88888889,68.8889,68.8889,65.5556,66.6667,63.33336667,60.00003333,
Botswana,BWA,Statistical Capacity Score (Overall Average) (scale 0 - 100),IQ.SCI.OVRL,,,,,,,,,,,,,,,,,,,,,,,,,,,,,,,,,,,,,,,,,,,,,72.22222222,72.22222222,62.22222222,62.22222222,64.44444444,61.11111111,60,63.33333333,63.33333333,54.44444444,51.11111111,45.55553333,42.22216667,49.99996667,51.1111,51.1111,50,
Central African Republic,CAF,Statistical Capacity Score (Overall Average) (scale 0 - 100),IQ.SCI.OVRL,,,,,,,,,,,,,,,,,,,,,,,,,,,,,,,,,,,,,,,,,,,,,40,43.33333333,43.33333333,44.44444444,47.77777778,52.22222222,55.55555556,56.66666667,57.77777778,57.77777778,58.88888889,52.22226667,41.11113333,38.88886667,32.2222,35.55553333,36.66663333,
Canada,CAN,Statistical Capacity Score (Overall Average) (scale 0 - 100),IQ.SCI.OVRL,,,,,,,,,,,,,,,,,,,,,,,,,,,,,,,,,,,,,,,,,,,,,,,,,,,,,,,,,,,,,,
Central Europe and the Baltics,CEB,Statistical Capacity Score (Overall Average) (scale 0 - 100),IQ.SCI.OVRL,,,,,,,,,,,,,,,,,,,,,,,,,,,,,,,,,,,,,,,,,,,,,,,,,,,,,,,,,,,,,,
Switzerland,CHE,Statistical Capacity Score (Overall Average) (scale 0 - 100),IQ.SCI.OVRL,,,,,,,,,,,,,,,,,,,,,,,,,,,,,,,,,,,,,,,,,,,,,,,,,,,,,,,,,,,,,,
Channel Islands,CHI,Statistical Capacity Score (Overall Average) (scale 0 - 100),IQ.SCI.OVRL,,,,,,,,,,,,,,,,,,,,,,,,,,,,,,,,,,,,,,,,,,,,,,,,,,,,,,,,,,,,,,
Chile,CHL,Statistical Capacity Score (Overall Average) (scale 0 - 100),IQ.SCI.OVRL,,,,,,,,,,,,,,,,,,,,,,,,,,,,,,,,,,,,,,,,,,,,,91.11111111,91.11111111,91.11111111,94.44444444,92.22222222,92.22222222,94.44444444,94.44444444,94.44444444,95.55555556,95.55555556,95.55556667,95.55556667,93.33333333,90,90,86.66666667,
China,CHN,Statistical Capacity Score (Overall Average) (scale 0 - 100),IQ.SCI.OVRL,,,,,,,,,,,,,,,,,,,,,,,,,,,,,,,,,,,,,,,,,,,,,64.44444444,64.44444444,57.77777778,61.11111111,61.11111111,62.22222222,65.55555667,68.88888889,70,70,70,70,80,78.8889,80,80,80,
Cote d'Ivoire,CIV,Statistical Capacity Score (Overall Average) (scale 0 - 100),IQ.SCI.OVRL,,,,,,,,,,,,,,,,,,,,,,,,,,,,,,,,,,,,,,,,,,,,,80,80,75.55555556,71.11111111,63.33333333,61.11111111,58.88888889,67.77777778,63.33333333,56.66666667,46.66666667,58.8889,67.77776667,66.66666667,66.6667,70.00003333,71.11113333,
Cameroon,CMR,Statistical Capacity Score (Overall Average) (scale 0 - 100),IQ.SCI.OVRL,,,,,,,,,,,,,,,,,,,,,,,,,,,,,,,,,,,,,,,,,,,,,51.11111111,50,63.33333333,63.33333333,66.66666667,63.33333333,66.66666667,64.44444444,60,56.66666667,56.66666667,55.55556667,68.8889,70.00003333,56.6667,56.6667,46.6667,
"Congo, Dem. Rep.",COD,Statistical Capacity Score (Overall Average) (scale 0 - 100),IQ.SCI.OVRL,,,,,,,,,,,,,,,,,,,,,,,,,,,,,,,,,,,,,,,,,,,,,32.22222222,41.11111111,37.77777778,37.77777778,37.77777778,34.44444444,35.55555556,43.33333333,43.33333333,50,56.66666667,57.77776667,51.11113333,46.6667,45.55556667,41.1111,39.99996667,
"Congo, Rep.",COG,Statistical Capacity Score (Overall Average) (scale 0 - 100),IQ.SCI.OVRL,,,,,,,,,,,,,,,,,,,,,,,,,,,,,,,,,,,,,,,,,,,,,42.22222222,44.44444444,51.11111111,52.22222222,48.88888889,54.44444444,54.44444444,50,50,52.22222222,47.77777778,50.00003333,50.00003333,48.8889,48.8889,45.55556667,38.8889,
Colombia,COL,Statistical Capacity Score (Overall Average) (scale 0 - 100),IQ.SCI.OVRL,,,,,,,,,,,,,,,,,,,,,,,,,,,,,,,,,,,,,,,,,,,,,86.66666667,78.88888889,75.55555556,85.55555556,82.22222222,85.55555556,84.44444444,84.44444444,84.44444444,81.11111111,81.11111111,84.44443333,88.8889,88.8889,82.22223333,81.1111,82.22223333,
Comoros,COM,Statistical Capacity Score (Overall Average) (scale 0 - 100),IQ.SCI.OVRL,,,,,,,,,,,,,,,,,,,,,,,,,,,,,,,,,,,,,,,,,,,,,,56.66666667,55.55555556,55.55555556,56.66666667,53.33333333,50,50,41.11111111,43.33333333,40,42.22216667,34.4444,29.99996667,42.22216667,47.77776667,46.66663333,
Cabo Verde,CPV,Statistical Capacity Score (Overall Average) (scale 0 - 100),IQ.SCI.OVRL,,,,,,,,,,,,,,,,,,,,,,,,,,,,,,,,,,,,,,,,,,,,,,68.88888889,73.33333333,74.44444444,73.33333333,70,73.33333333,70,68.88888889,65.55555556,68.88888889,66.66666667,68.88886667,67.77776667,71.1111,64.44443333,65.55556667,
Costa Rica,CRI,Statistical Capacity Score (Overall Average) (scale 0 - 100),IQ.SCI.OVRL,,,,,,,,,,,,,,,,,,,,,,,,,,,,,,,,,,,,,,,,,,,,,82.22222222,75.55555556,78.88888889,77.77777778,76.66666667,76.66666667,76.66666667,76.66666667,77.77777778,77.77777778,77.77777778,84.44443333,84.44443333,87.77776667,91.1111,91.1111,91.1111,
Caribbean small states,CSS,Statistical Capacity Score (Overall Average) (scale 0 - 100),IQ.SCI.OVRL,,,,,,,,,,,,,,,,,,,,,,,,,,,,,,,,,,,,,,,,,,,,,70,74.44444333,75,76.11111167,73.33333333,69.44444333,72.77777667,76.11111,73.33333333,74.44444444,70.55555556,67.22223333,69.44443333,58.88888333,54.99998333,54.44445,51.11111667,
Cuba,CUB,Statistical Capacity Score (Overall Average) (scale 0 - 100),IQ.SCI.OVRL,,,,,,,,,,,,,,,,,,,,,,,,,,,,,,,,,,,,,,,,,,,,,,,,,,,,,,,,,,,,,,
Curacao,CUW,Statistical Capacity Score (Overall Average) (scale 0 - 100),IQ.SCI.OVRL,,,,,,,,,,,,,,,,,,,,,,,,,,,,,,,,,,,,,,,,,,,,,,,,,,,,,,,,,,,,,,
Cayman Islands,CYM,Statistical Capacity Score (Overall Average) (scale 0 - 100),IQ.SCI.OVRL,,,,,,,,,,,,,,,,,,,,,,,,,,,,,,,,,,,,,,,,,,,,,,,,,,,,,,,,,,,,,,
Cyprus,CYP,Statistical Capacity Score (Overall Average) (scale 0 - 100),IQ.SCI.OVRL,,,,,,,,,,,,,,,,,,,,,,,,,,,,,,,,,,,,,,,,,,,,,,,,,,,,,,,,,,,,,,
Czechia,CZE,Statistical Capacity Score (Overall Average) (scale 0 - 100),IQ.SCI.OVRL,,,,,,,,,,,,,,,,,,,,,,,,,,,,,,,,,,,,,,,,,,,,,,,,,,,,,,,,,,,,,,
Germany,DEU,Statistical Capacity Score (Overall Average) (scale 0 - 100),IQ.SCI.OVRL,,,,,,,,,,,,,,,,,,,,,,,,,,,,,,,,,,,,,,,,,,,,,,,,,,,,,,,,,,,,,,
Djibouti,DJI,Statistical Capacity Score (Overall Average) (scale 0 - 100),IQ.SCI.OVRL,,,,,,,,,,,,,,,,,,,,,,,,,,,,,,,,,,,,,,,,,,,,,,50,52.22222222,43.33333333,40,40,44.44444444,44.44444444,46.66666667,46.66666667,45.55555556,46.66666667,53.33336667,54.4445,54.44446667,58.8889,57.77776667,
Dominica,DMA,Statistical Capacity Score (Overall Average) (scale 0 - 100),IQ.SCI.OVRL,,,,,,,,,,,,,,,,,,,,,,,,,,,,,,,,,,,,,,,,,,,,,,60,60,53.33333333,53.33333333,53.33333333,46.66666667,50,53.33333333,50,55.55555556,52.22223333,57.77776667,57.77776667,51.1111,50,46.66666667,
Denmark,DNK,Statistical Capacity Score (Overall Average) (scale 0 - 100),IQ.SCI.OVRL,,,,,,,,,,,,,,,,,,,,,,,,,,,,,,,,,,,,,,,,,,,,,,,,,,,,,,,,,,,,,,
Dominican Republic,DOM,Statistical Capacity Score (Overall Average) (scale 0 - 100),IQ.SCI.OVRL,,,,,,,,,,,,,,,,,,,,,,,,,,,,,,,,,,,,,,,,,,,,,71.11111111,70,64.44444444,66.66666667,67.77777778,67.77777778,67.77777778,67.77777778,67.77777778,75.55555556,78.88888889,78.8889,83.33333333,83.33333333,76.66666667,70,72.22223333,
Algeria,DZA,Statistical Capacity Score (Overall Average) (scale 0 - 100),IQ.SCI.OVRL,,,,,,,,,,,,,,,,,,,,,,,,,,,,,,,,,,,,,,,,,,,,,54.44444444,63.33333333,63.33333333,60,58.88888889,57.77777778,58.88888889,62.22222222,58.88888889,51.11111111,52.22222222,53.33336667,55.55556667,61.1111,50,52.2222,49.99996667,
East Asia & Pacific (excluding high income),EAP,Statistical Capacity Score (Overall Average) (scale 0 - 100),IQ.SCI.OVRL,,,,,,,,,,,,,,,,,,,,,,,,,,,,,,,,,,,,,,,,,,,,,70.3030303,72.32323242,69.25925944,69.62962944,70.0925925,69.35185222,69.35185194,69.16666667,67.40740722,68.88888889,71.38888889,72.03703889,73.33333056,73.70369722,74.16666944,75.0926,74.53704444,
Early-demographic dividend,EAR,Statistical Capacity Score (Overall Average) (scale 0 - 100),IQ.SCI.OVRL,,,,,,,,,,,,,,,,,,,,,,,,,,,,,,,,,,,,,,,,,,,,,67.50617289,69.23456793,68.66666667,68.71604948,68.93827141,68.47826065,68.41787457,68.35748797,67.19806775,66.71497585,68.42995169,69.00967246,67.34300217,67.41546304,66.06280652,65.43478696,64.10628623,
East Asia & Pacific,EAS,Statistical Capacity Score (Overall Average) (scale 0 - 100),IQ.SCI.OVRL,,,,,,,,,,,,,,,,,,,,,,,,,,,,,,,,,,,,,,,,,,,,,,,,,,,,,,,,,,,,,,
Europe & Central Asia (excluding high income),ECA,Statistical Capacity Score (Overall Average) (scale 0 - 100),IQ.SCI.OVRL,,,,,,,,,,,,,,,,,,,,,,,,,,,,,,,,,,,,,,,,,,,,,74.32748538,77.89461971,78.01163737,79.0642107,80.35076018,80.46771901,80.46771953,80.93567281,80.93567222,78.11111111,78.06111111,77.277785,77.77778333,78.888895,78.05556333,77.38889167,76.77778167,
Europe & Central Asia,ECS,Statistical Capacity Score (Overall Average) (scale 0 - 100),IQ.SCI.OVRL,,,,,,,,,,,,,,,,,,,,,,,,,,,,,,,,,,,,,,,,,,,,,,,,,,,,,,,,,,,,,,
Ecuador,ECU,Statistical Capacity Score (Overall Average) (scale 0 - 100),IQ.SCI.OVRL,,,,,,,,,,,,,,,,,,,,,,,,,,,,,,,,,,,,,,,,,,,,,82.22222222,86.66666667,86.66666667,86.66666667,84.44444444,84.44444444,82.22222222,82.22222222,71.11111111,70,70,72.22226667,71.11113333,68.8889,70,66.66666667,65.55556667,
"Egypt, Arab Rep.",EGY,Statistical Capacity Score (Overall Average) (scale 0 - 100),IQ.SCI.OVRL,,,,,,,,,,,,,,,,,,,,,,,,,,,,,,,,,,,,,,,,,,,,,77.77777778,87.77777778,91.11111111,87.77777778,86.66666667,87.77777778,85.55555556,88.88888889,86.66666667,90,90,91.11113333,87.77776667,83.33333333,86.66666667,85.5556,82.22226667,
Euro area,EMU,Statistical Capacity Score (Overall Average) (scale 0 - 100),IQ.SCI.OVRL,,,,,,,,,,,,,,,,,,,,,,,,,,,,,,,,,,,,,,,,,,,,,,,,,,,,,,,,,,,,,,
Eritrea,ERI,Statistical Capacity Score (Overall Average) (scale 0 - 100),IQ.SCI.OVRL,,,,,,,,,,,,,,,,,,,,,,,,,,,,,,,,,,,,,,,,,,,,,37.77777778,40,42.22222222,37.77777778,37.77777778,32.22222222,32.22222222,32.22222222,32.22222222,31.11111111,31.11111111,27.7778,28.8889,28.88886667,27.77776667,27.77776667,31.1111,
Spain,ESP,Statistical Capacity Score (Overall Average) (scale 0 - 100),IQ.SCI.OVRL,,,,,,,,,,,,,,,,,,,,,,,,,,,,,,,,,,,,,,,,,,,,,,,,,,,,,,,,,,,,,,
Estonia,EST,Statistical Capacity Score (Overall Average) (scale 0 - 100),IQ.SCI.OVRL,,,,,,,,,,,,,,,,,,,,,,,,,,,,,,,,,,,,,,,,,,,,,,,,,,,,,,,,,77.7778,,,,,
Ethiopia,ETH,Statistical Capacity Score (Overall Average) (scale 0 - 100),IQ.SCI.OVRL,,,,,,,,,,,,,,,,,,,,,,,,,,,,,,,,,,,,,,,,,,,,,66.66666667,67.77777778,64.44444444,67.77777778,78.88888889,80,80,73.33333333,65.55555556,66.66666667,61.11111111,68.8889,70.00003333,70.00003333,62.22223333,61.1111,47.77776667,
European Union,EUU,Statistical Capacity Score (Overall Average) (scale 0 - 100),IQ.SCI.OVRL,,,,,,,,,,,,,,,,,,,,,,,,,,,,,,,,,,,,,,,,,,,,,,,,,,,,,,,,,,,,,,
Fragile and conflict affected situations,FCS,Statistical Capacity Score (Overall Average) (scale 0 - 100),IQ.SCI.OVRL,,,,,,,,,,,,,,,,,,,,,,,,,,,,,,,,,,,,,,,,,,,,,49.92337149,52.64367816,53.37037044,53.70370367,54.59259244,54.05017935,55.53763473,56.41577054,56.37992817,55.23569024,55.4040404,56.43098384,55.82492525,55.85858788,53.67003939,53.63636667,52.32323535,
Finland,FIN,Statistical Capacity Score (Overall Average) (scale 0 - 100),IQ.SCI.OVRL,,,,,,,,,,,,,,,,,,,,,,,,,,,,,,,,,,,,,,,,,,,,,,,,,,,,,,,,,,,,,,
Fiji,FJI,Statistical Capacity Score (Overall Average) (scale 0 - 100),IQ.SCI.OVRL,,,,,,,,,,,,,,,,,,,,,,,,,,,,,,,,,,,,,,,,,,,,,,53.33333333,54.44444444,52.22222222,53.33333333,56.66666667,53.33333333,70,70,71.11111111,71.11111111,61.11113333,58.88886667,70,65.55556667,57.7778,56.66666667,
France,FRA,Statistical Capacity Score (Overall Average) (scale 0 - 100),IQ.SCI.OVRL,,,,,,,,,,,,,,,,,,,,,,,,,,,,,,,,,,,,,,,,,,,,,,,,,,,,,,,,,,,,,,
Faroe Islands,FRO,Statistical Capacity Score (Overall Average) (scale 0 - 100),IQ.SCI.OVRL,,,,,,,,,,,,,,,,,,,,,,,,,,,,,,,,,,,,,,,,,,,,,,,,,,,,,,,,,,,,,,
"Micronesia, Fed. Sts.",FSM,Statistical Capacity Score (Overall Average) (scale 0 - 100),IQ.SCI.OVRL,,,,,,,,,,,,,,,,,,,,,,,,,,,,,,,,,,,,,,,,,,,,,,30,31.11111111,31.11111111,34.44444444,34.44444444,27.77777778,27.77777778,37.77777778,37.77777778,36.66666667,35.55556667,32.22223333,32.22223333,42.22223333,41.1111,43.33333333,
Gabon,GAB,Statistical Capacity Score (Overall Average) (scale 0 - 100),IQ.SCI.OVRL,,,,,,,,,,,,,,,,,,,,,,,,,,,,,,,,,,,,,,,,,,,,,44.44444444,47.77777778,40,40,36.66666667,41.11111111,40,43.33333333,36.66666667,42.22222222,42.22222222,39.99996667,36.66663333,36.66663333,36.66663333,43.3333,39.99996667,
United Kingdom,GBR,Statistical Capacity Score (Overall Average) (scale 0 - 100),IQ.SCI.OVRL,,,,,,,,,,,,,,,,,,,,,,,,,,,,,,,,,,,,,,,,,,,,,,,,,,,,,,,,,,,,,,
Georgia,GEO,Statistical Capacity Score (Overall Average) (scale 0 - 100),IQ.SCI.OVRL,,,,,,,,,,,,,,,,,,,,,,,,,,,,,,,,,,,,,,,,,,,,,76.66666667,85.55555556,85.55555556,85.55555556,88.88888889,88.88888889,95.55555556,95.55555556,94.44444444,92.22222222,82.22222222,88.8889,88.8889,86.6667,87.7778,87.77776667,87.77776667,
Ghana,GHA,Statistical Capacity Score (Overall Average) (scale 0 - 100),IQ.SCI.OVRL,,,,,,,,,,,,,,,,,,,,,,,,,,,,,,,,,,,,,,,,,,,,,51.11111111,53.33333333,55.55555556,55.55555556,58.88888889,58.88888889,65.55555556,62.22222222,58.88888889,62.22222222,62.22222222,65.55556667,68.8889,68.8889,77.7778,77.7778,71.11113333,
Gibraltar,GIB,Statistical Capacity Score (Overall Average) (scale 0 - 100),IQ.SCI.OVRL,,,,,,,,,,,,,,,,,,,,,,,,,,,,,,,,,,,,,,,,,,,,,,,,,,,,,,,,,,,,,,
Guinea,GIN,Statistical Capacity Score (Overall Average) (scale 0 - 100),IQ.SCI.OVRL,,,,,,,,,,,,,,,,,,,,,,,,,,,,,,,,,,,,,,,,,,,,,66.66666667,62.22222222,57.77777778,61.11111111,55.55555556,54.44444444,57.77777778,58.88888889,57.77777778,52.22222222,52.22222222,53.33333333,55.55556667,52.22223333,55.55556667,58.8889,51.1111,
"Gambia, The",GMB,Statistical Capacity Score (Overall Average) (scale 0 - 100),IQ.SCI.OVRL,,,,,,,,,,,,,,,,,,,,,,,,,,,,,,,,,,,,,,,,,,,,,63.33333333,61.11111111,64.44444444,62.22222222,62.22222222,62.22222222,67.77777778,64.44444444,67.77777778,70,66.66666667,65.55556667,64.44443333,63.33333333,68.8889,71.11113333,70.00003333,
Guinea-Bissau,GNB,Statistical Capacity Score (Overall Average) (scale 0 - 100),IQ.SCI.OVRL,,,,,,,,,,,,,,,,,,,,,,,,,,,,,,,,,,,,,,,,,,,,,37.77777778,33.33333333,41.11111111,34.44444444,31.11111111,33.33333333,45.55555556,48.88888889,51.11111111,50,43.33333333,44.44443333,42.2222,47.77776667,44.44443333,57.77776667,48.8889,
Equatorial Guinea,GNQ,Statistical Capacity Score (Overall Average) (scale 0 - 100),IQ.SCI.OVRL,,,,,,,,,,,,,,,,,,,,,,,,,,,,,,,,,,,,,,,,,,,,,,34.44444444,30,30,30,32.22222222,32.22222222,32.22222222,32.22222222,31.11111111,34.44444444,42.22223333,45.55556667,45.55556667,36.66663333,36.66663333,36.66663333,
Greece,GRC,Statistical Capacity Score (Overall Average) (scale 0 - 100),IQ.SCI.OVRL,,,,,,,,,,,,,,,,,,,,,,,,,,,,,,,,,,,,,,,,,,,,,,,,,,,,,,,,,,,,,,
Grenada,GRD,Statistical Capacity Score (Overall Average) (scale 0 - 100),IQ.SCI.OVRL,,,,,,,,,,,,,,,,,,,,,,,,,,,,,,,,,,,,,,,,,,,,,,52.22222222,56.66666667,50,46.66666667,46.66666667,43.33333333,44.44444444,47.77777778,51.11111111,44.44444444,51.11113333,51.11113333,53.33333333,56.66666667,57.77776667,54.44443333,
Greenland,GRL,Statistical Capacity Score (Overall Average) (scale 0 - 100),IQ.SCI.OVRL,,,,,,,,,,,,,,,,,,,,,,,,,,,,,,,,,,,,,,,,,,,,,,,,,,,,,,,,,,,,,,
Guatemala,GTM,Statistical Capacity Score (Overall Average) (scale 0 - 100),IQ.SCI.OVRL,,,,,,,,,,,,,,,,,,,,,,,,,,,,,,,,,,,,,,,,,,,,,80,77.77777778,80,80,83.33333333,85.55555556,85.55555556,85.55555556,82.22222222,76.66666667,68.88888889,72.22223333,71.1111,78.8889,71.11113333,67.7778,73.33333333,
Guam,GUM,Statistical Capacity Score (Overall Average) (scale 0 - 100),IQ.SCI.OVRL,,,,,,,,,,,,,,,,,,,,,,,,,,,,,,,,,,,,,,,,,,,,,,,,,,,,,,,,,,,,,,
Guyana,GUY,Statistical Capacity Score (Overall Average) (scale 0 - 100),IQ.SCI.OVRL,,,,,,,,,,,,,,,,,,,,,,,,,,,,,,,,,,,,,,,,,,,,,,55.55555556,52.22222222,54.44444444,53.33333333,55.55555556,53.33333333,58.88888889,55.55555556,58.88888889,58.88888889,56.6667,57.7778,55.55553333,55.55553333,50,45.55556667,
High income,HIC,Statistical Capacity Score (Overall Average) (scale 0 - 100),IQ.SCI.OVRL,,,,,,,,,,,,,,,,,,,,,,,,,,,,,,,,,,,,,,,,,,,,,,,,,,,,,,,,,,,,,,
"Hong Kong SAR, China",HKG,Statistical Capacity Score (Overall Average) (scale 0 - 100),IQ.SCI.OVRL,,,,,,,,,,,,,,,,,,,,,,,,,,,,,,,,,,,,,,,,,,,,,,,,,,,,,,,,,,,,,,
Honduras,HND,Statistical Capacity Score (Overall Average) (scale 0 - 100),IQ.SCI.OVRL,,,,,,,,,,,,,,,,,,,,,,,,,,,,,,,,,,,,,,,,,,,,,62.22222222,60,58.88888889,66.66666667,70,73.33333333,75.55555556,75.55555556,68.88888889,62.22222222,73.33333333,76.6667,77.7778,71.11113333,66.6667,56.6667,56.66666667,
Heavily indebted poor countries (HIPC),HPC,Statistical Capacity Score (Overall Average) (scale 0 - 100),IQ.SCI.OVRL,,,,,,,,,,,,,,,,,,,,,,,,,,,,,,,,,,,,,,,,,,,,,53.61111111,54.62962954,55.58641963,56.29629611,55.55555565,57.00617296,58.82716065,59.10493824,59.01234556,59.9691358,59.53703704,61.04939815,61.04939907,60.70988704,58.91976667,58.88890093,57.09877593,
Croatia,HRV,Statistical Capacity Score (Overall Average) (scale 0 - 100),IQ.SCI.OVRL,,,,,,,,,,,,,,,,,,,,,,,,,,,,,,,,,,,,,,,,,,,,,95.55555556,95.55555556,94.44444444,87.77777778,90,88.88888889,84.44444444,86.66666667,86.66666667,87.77777778,83.33333333,80.00003333,81.11113333,83.33333333,83.33333333,81.11113333,86.66666667,
Haiti,HTI,Statistical Capacity Score (Overall Average) (scale 0 - 100),IQ.SCI.OVRL,,,,,,,,,,,,,,,,,,,,,,,,,,,,,,,,,,,,,,,,,,,,,37.77777778,38.88888889,38.88888889,38.88888889,41.11111111,40,42.22222222,42.22222222,38.88888889,41.11111111,47.77777778,47.7778,38.8889,36.66666667,50,46.66666667,53.33333333,
Hungary,HUN,Statistical Capacity Score (Overall Average) (scale 0 - 100),IQ.SCI.OVRL,,,,,,,,,,,,,,,,,,,,,,,,,,,,,,,,,,,,,,,,,,,,,90,90,90,90,90,86.66666667,86.66666667,86.66666667,85.55555556,88.88888889,85.55555556,85.55556667,85.55556667,,,,,
IBRD only,IBD,Statistical Capacity Score (Overall Average) (scale 0 - 100),IQ.SCI.OVRL,,,,,,,,,,,,,,,,,,,,,,,,,,,,,,,,,,,,,,,,,,,,,72.75045556,75.00907111,74.80872508,75.59194902,75.97446257,75.91981772,76.00178515,76.59380694,75.250896,74.89247312,75.09139785,75.41219355,75.9319043,75.4121871,73.38710215,72.84946774,71.79212151,
IDA & IBRD total,IBT,Statistical Capacity Score (Overall Average) (scale 0 - 100),IQ.SCI.OVRL,,,,,,,,,,,,,,,,,,,,,,,,,,,,,,,,,,,,,,,,,,,,,65.39682544,67.26188492,67.22712882,67.83675513,67.80725655,68.05307765,68.7364603,69.02654864,68.16764125,67.49521073,67.98467433,68.75479943,68.78353305,68.45785833,66.83908793,66.59004511,65.22989195,
IDA total,IDA,Statistical Capacity Score (Overall Average) (scale 0 - 100),IQ.SCI.OVRL,,,,,,,,,,,,,,,,,,,,,,,,,,,,,,,,,,,,,,,,,,,,,56.60130706,57.99564261,58.33333321,58.73931615,58.22649564,58.82478641,60.21367538,60.14957256,59.72222212,59.00205761,59.82510288,61.11112469,60.57614383,60.47325864,59.32099753,59.40330062,57.69548025,
IDA blend,IDB,Statistical Capacity Score (Overall Average) (scale 0 - 100),IQ.SCI.OVRL,,,,,,,,,,,,,,,,,,,,,,,,,,,,,,,,,,,,,,,,,,,,,54.72222167,56.66666667,55.80246889,57.28395074,58.02469111,58.76543222,59.7530863,58.76543148,56.54320926,56.04938272,58.7654321,58.64198148,59.87653704,59.38271481,59.75308889,58.76543333,57.65432593,
Indonesia,IDN,Statistical Capacity Score (Overall Average) (scale 0 - 100),IQ.SCI.OVRL,,,,,,,,,,,,,,,,,,,,,,,,,,,,,,,,,,,,,,,,,,,,,86.66666667,84.44444444,85.55555556,90,90,86.66666667,86.66666667,83.33333333,83.33333333,80,83.33333333,84.44446667,86.66666667,86.66666667,85.55556667,88.8889,85.55556667,
IDA only,IDX,Statistical Capacity Score (Overall Average) (scale 0 - 100),IQ.SCI.OVRL,,,,,,,,,,,,,,,,,,,,,,,,,,,,,,,,,,,,,,,,,,,,,56.95090434,58.24289395,58.86304899,59.04392752,58.2687338,58.83720938,60.31007775,60.43927651,60.3875969,59.59259259,60.03703704,61.60495333,60.71606519,60.69136741,59.23457926,59.53087407,57.70371111,
Isle of Man,IMN,Statistical Capacity Score (Overall Average) (scale 0 - 100),IQ.SCI.OVRL,,,,,,,,,,,,,,,,,,,,,,,,,,,,,,,,,,,,,,,,,,,,,,,,,,,,,,,,,,,,,,
India,IND,Statistical Capacity Score (Overall Average) (scale 0 - 100),IQ.SCI.OVRL,,,,,,,,,,,,,,,,,,,,,,,,,,,,,,,,,,,,,,,,,,,,,78.88888889,77.77777778,80,78.88888889,80,75.55555556,81.11111111,76.66666667,75.55555556,73.33333333,81.11111111,77.7778,81.11113333,91.11113333,77.7778,75.55556667,76.6667,
Not classified,INX,Statistical Capacity Score (Overall Average) (scale 0 - 100),IQ.SCI.OVRL,,,,,,,,,,,,,,,,,,,,,,,,,,,,,,,,,,,,,,,,,,,,,,,,,,,,,,,,,,,,,,
Ireland,IRL,Statistical Capacity Score (Overall Average) (scale 0 - 100),IQ.SCI.OVRL,,,,,,,,,,,,,,,,,,,,,,,,,,,,,,,,,,,,,,,,,,,,,,,,,,,,,,,,,,,,,,
"Iran, Islamic Rep.",IRN,Statistical Capacity Score (Overall Average) (scale 0 - 100),IQ.SCI.OVRL,,,,,,,,,,,,,,,,,,,,,,,,,,,,,,,,,,,,,,,,,,,,,64.44444444,72.22222222,73.33333333,80,80,81.11111111,71.11111111,68.88888889,70,70,73.33333333,73.33333333,78.8889,75.55556667,80,78.8889,75.55556667,
Iraq,IRQ,Statistical Capacity Score (Overall Average) (scale 0 - 100),IQ.SCI.OVRL,,,,,,,,,,,,,,,,,,,,,,,,,,,,,,,,,,,,,,,,,,,,,32.22222222,40,40,45.55555556,51.11111111,41.11111111,41.11111111,46.66666667,50,50,46.66666667,52.22223333,50,52.22223333,37.7778,34.44446667,36.66666667,
Iceland,ISL,Statistical Capacity Score (Overall Average) (scale 0 - 100),IQ.SCI.OVRL,,,,,,,,,,,,,,,,,,,,,,,,,,,,,,,,,,,,,,,,,,,,,,,,,,,,,,,,,,,,,,
Israel,ISR,Statistical Capacity Score (Overall Average) (scale 0 - 100),IQ.SCI.OVRL,,,,,,,,,,,,,,,,,,,,,,,,,,,,,,,,,,,,,,,,,,,,,,,,,,,,,,,,,,,,,,
Italy,ITA,Statistical Capacity Score (Overall Average) (scale 0 - 100),IQ.SCI.OVRL,,,,,,,,,,,,,,,,,,,,,,,,,,,,,,,,,,,,,,,,,,,,,,,,,,,,,,,,,,,,,,
Jamaica,JAM,Statistical Capacity Score (Overall Average) (scale 0 - 100),IQ.SCI.OVRL,,,,,,,,,,,,,,,,,,,,,,,,,,,,,,,,,,,,,,,,,,,,,76.66666667,77.77777778,76.66666667,76.66666667,71.11111111,71.11111111,74.44444444,81.11111111,78.88888889,78.88888889,78.88888889,77.7778,77.77776667,71.1111,62.2222,61.11113333,54.44446667,
Jordan,JOR,Statistical Capacity Score (Overall Average) (scale 0 - 100),IQ.SCI.OVRL,,,,,,,,,,,,,,,,,,,,,,,,,,,,,,,,,,,,,,,,,,,,,68.88888889,71.11111111,71.11111111,71.11111111,73.33333333,74.44444444,76.66666667,74.44444444,75.55555556,74.44444444,74.44444444,74.44446667,71.11113333,75.5556,78.88893333,82.22226667,77.77783333,
Japan,JPN,Statistical Capacity Score (Overall Average) (scale 0 - 100),IQ.SCI.OVRL,,,,,,,,,,,,,,,,,,,,,,,,,,,,,,,,,,,,,,,,,,,,,,,,,,,,,,,,,,,,,,
Kazakhstan,KAZ,Statistical Capacity Score (Overall Average) (scale 0 - 100),IQ.SCI.OVRL,,,,,,,,,,,,,,,,,,,,,,,,,,,,,,,,,,,,,,,,,,,,,86.66666667,87.77777778,88.88888889,95.55555556,95.55555556,94.44444444,95.55555556,92.22222222,94.44444444,94.44444444,88.88888889,90,92.22223333,95.55556667,93.33333333,86.66666667,78.8889,
Kenya,KEN,Statistical Capacity Score (Overall Average) (scale 0 - 100),IQ.SCI.OVRL,,,,,,,,,,,,,,,,,,,,,,,,,,,,,,,,,,,,,,,,,,,,,64.44444444,58.88888889,58.88888889,62.22222222,64.44444444,62.22222222,62.22222222,61.11111111,57.77777778,52.22222222,54.44444444,54.44443333,55.55553333,57.77776667,52.22223333,57.7778,57.7778,
Kyrgyz Republic,KGZ,Statistical Capacity Score (Overall Average) (scale 0 - 100),IQ.SCI.OVRL,,,,,,,,,,,,,,,,,,,,,,,,,,,,,,,,,,,,,,,,,,,,,87.77777778,91.11111111,90,91.11111111,94.44444444,91.11111111,88.88888889,84.44444444,84.44444444,84.44444444,86.66666667,82.22223333,85.55556667,90,93.33333333,96.66666667,90,
Cambodia,KHM,Statistical Capacity Score (Overall Average) (scale 0 - 100),IQ.SCI.OVRL,,,,,,,,,,,,,,,,,,,,,,,,,,,,,,,,,,,,,,,,,,,,,64.44444444,67.77777778,71.11111111,72.22222222,72.22222222,74.44444444,73.33333333,73.33333333,67.77777778,70,76.66666667,76.66666667,66.66666667,63.33333333,60,60,60,
Kiribati,KIR,Statistical Capacity Score (Overall Average) (scale 0 - 100),IQ.SCI.OVRL,,,,,,,,,,,,,,,,,,,,,,,,,,,,,,,,,,,,,,,,,,,,,,32.22222222,36.66666667,36.66666667,35.55555556,33.33333333,36.66666667,37.77777778,37.77777778,35.55555556,35.55555556,34.44443333,39.99996667,39.99996667,39.99996667,39.99996667,42.2222,
St. Kitts and Nevis,KNA,Statistical Capacity Score (Overall Average) (scale 0 - 100),IQ.SCI.OVRL,,,,,,,,,,,,,,,,,,,,,,,,,,,,,,,,,,,,,,,,,,,,,,54.44444444,60,63.33333333,61.11111111,61.11111111,61.11111111,61.11111111,54.44444444,50,52.22222222,56.66666667,53.33333333,50,46.66666667,44.44446667,39.44446667,
"Korea, Rep.",KOR,Statistical Capacity Score (Overall Average) (scale 0 - 100),IQ.SCI.OVRL,,,,,,,,,,,,,,,,,,,,,,,,,,,,,,,,,,,,,,,,,,,,,,,,,,,,,,,,,,,,,,
Kuwait,KWT,Statistical Capacity Score (Overall Average) (scale 0 - 100),IQ.SCI.OVRL,,,,,,,,,,,,,,,,,,,,,,,,,,,,,,,,,,,,,,,,,,,,,,,,,,,,,,,,,,,,,,
Latin America & Caribbean (excluding high income),LAC,Statistical Capacity Score (Overall Average) (scale 0 - 100),IQ.SCI.OVRL,,,,,,,,,,,,,,,,,,,,,,,,,,,,,,,,,,,,,,,,,,,,,75.22875843,74.31372569,73.20261471,74.44444451,74.18300627,76.14379059,76.92810471,76.99346392,75.22875824,74.5751634,76.8627451,78.75818235,77.97386471,76.2091549,73.72549216,72.02614902,70.06536275,
Lao PDR,LAO,Statistical Capacity Score (Overall Average) (scale 0 - 100),IQ.SCI.OVRL,,,,,,,,,,,,,,,,,,,,,,,,,,,,,,,,,,,,,,,,,,,,,68.88888889,70,70,68.88888889,67.77777778,67.77777778,70,65.55555556,70,72.22222222,73.33333333,71.11113333,64.44446667,67.7778,71.11113333,67.7778,62.22223333,
Lebanon,LBN,Statistical Capacity Score (Overall Average) (scale 0 - 100),IQ.SCI.OVRL,,,,,,,,,,,,,,,,,,,,,,,,,,,,,,,,,,,,,,,,,,,,,42.22222222,48.88888889,48.88888889,48.88888889,54.44444444,54.44444444,56.66666667,63.33333333,66.66666667,66.66666667,62.22222222,65.55553333,63.33333333,66.66663333,51.1111,44.44443333,44.44443333,
Liberia,LBR,Statistical Capacity Score (Overall Average) (scale 0 - 100),IQ.SCI.OVRL,,,,,,,,,,,,,,,,,,,,,,,,,,,,,,,,,,,,,,,,,,,,,16.66666667,23.33333333,23.33333333,22.22222222,25.55555556,32.22222222,33.33333333,40,43.33333333,47.77777778,46.66666667,51.1111,57.77776667,60.00003333,57.77776667,54.44443333,57.77776667,
Libya,LBY,Statistical Capacity Score (Overall Average) (scale 0 - 100),IQ.SCI.OVRL,,,,,,,,,,,,,,,,,,,,,,,,,,,,,,,,,,,,,,,,,,,,,28.88888889,42.22222222,38.88888889,41.11111111,41.11111111,38.88888889,40.55555556,35.55555556,36.66666667,27.77777778,28.88888889,22.2222,22.2222,22.2222,34.44443333,27.77776667,25.55556667,
St. Lucia,LCA,Statistical Capacity Score (Overall Average) (scale 0 - 100),IQ.SCI.OVRL,,,,,,,,,,,,,,,,,,,,,,,,,,,,,,,,,,,,,,,,,,,,,,60,60,61.11111111,57.77777778,56.66666667,60,60,63.33333333,63.33333333,66.66666667,61.1111,64.44443333,57.77776667,61.11106667,58.88886667,56.66666667,
Latin America & Caribbean,LCN,Statistical Capacity Score (Overall Average) (scale 0 - 100),IQ.SCI.OVRL,,,,,,,,,,,,,,,,,,,,,,,,,,,,,,,,,,,,,,,,,,,,,,,,,,,,,,,,,,,,,,
Least developed countries: UN classification,LDC,Statistical Capacity Score (Overall Average) (scale 0 - 100),IQ.SCI.OVRL,,,,,,,,,,,,,,,,,,,,,,,,,,,,,,,,,,,,,,,,,,,,,54.05405396,55.31531532,55.7894736,55.96491219,55.20467833,56.11111132,57.86549728,57.9532164,58.45029228,59.04558405,59.67236467,60.5128359,59.20229402,59.54416667,58.26211966,59.05983846,57.49288632,
Low income,LIC,Statistical Capacity Score (Overall Average) (scale 0 - 100),IQ.SCI.OVRL,,,,,,,,,,,,,,,,,,,,,,,,,,,,,,,,,,,,,,,,,,,,,50.04444427,51.64444427,53.24444427,53.59999987,53.2,54.17777787,56.04444453,56.44444427,57.37777747,57.11538462,56.38888889,57.2222359,56.75215385,56.79488205,54.44445513,55.34188718,53.50427949,
Liechtenstein,LIE,Statistical Capacity Score (Overall Average) (scale 0 - 100),IQ.SCI.OVRL,,,,,,,,,,,,,,,,,,,,,,,,,,,,,,,,,,,,,,,,,,,,,,,,,,,,,,,,,,,,,,
Sri Lanka,LKA,Statistical Capacity Score (Overall Average) (scale 0 - 100),IQ.SCI.OVRL,,,,,,,,,,,,,,,,,,,,,,,,,,,,,,,,,,,,,,,,,,,,,75.55555556,76.66666667,73.33333333,77.77777778,74.44444444,75.55555556,76.66666667,76.66666667,78.88888889,78.88888889,78.88888889,73.33333333,83.33333333,83.33333333,84.44446667,81.11113333,80.00003333,
Lower middle income,LMC,Statistical Capacity Score (Overall Average) (scale 0 - 100),IQ.SCI.OVRL,,,,,,,,,,,,,,,,,,,,,,,,,,,,,,,,,,,,,,,,,,,,,66.26984119,68.20105817,67.54521961,67.82945729,67.41602054,67.1212122,67.62626273,67.97979795,66.91919197,67.14646465,68.83838384,69.77274015,69.21717727,68.91414318,68.43435227,68.18182803,66.43940379,
Low & middle income,LMY,Statistical Capacity Score (Overall Average) (scale 0 - 100),IQ.SCI.OVRL,,,,,,,,,,,,,,,,,,,,,,,,,,,,,,,,,,,,,,,,,,,,,64.42348012,66.2368763,66.15782972,66.77048804,66.68741421,66.81067896,67.54627587,68.14814812,67.35983684,66.69169169,67.36336336,68.16817838,68.12813634,68.15816216,66.54655405,66.34635315,64.88489219,
Lesotho,LSO,Statistical Capacity Score (Overall Average) (scale 0 - 100),IQ.SCI.OVRL,,,,,,,,,,,,,,,,,,,,,,,,,,,,,,,,,,,,,,,,,,,,,71.11111111,71.11111111,70,61.11111111,61.11111111,62.22222222,65.55555556,65.55555556,72.22222222,73.33333333,72.22222222,65.5556,57.7778,62.22223333,65.55556667,67.7778,67.7778,
Late-demographic dividend,LTE,Statistical Capacity Score (Overall Average) (scale 0 - 100),IQ.SCI.OVRL,,,,,,,,,,,,,,,,,,,,,,,,,,,,,,,,,,,,,,,,,,,,,76.48148163,79.14807404,79.37033344,80.70362944,80.70362967,80.29622237,80.55548159,81.33333322,80.74074052,81.07407407,80.78148148,81.18519222,82.84722813,81.99233793,80.42146207,79.88506207,78.69732529,
Lithuania,LTU,Statistical Capacity Score (Overall Average) (scale 0 - 100),IQ.SCI.OVRL,,,,,,,,,,,,,,,,,,,,,,,,,,,,,,,,,,,,,,,,,,,,,,,,,,,,,,,,,83.33333333,,,,,
Luxembourg,LUX,Statistical Capacity Score (Overall Average) (scale 0 - 100),IQ.SCI.OVRL,,,,,,,,,,,,,,,,,,,,,,,,,,,,,,,,,,,,,,,,,,,,,,,,,,,,,,,,,,,,,,
Latvia,LVA,Statistical Capacity Score (Overall Average) (scale 0 - 100),IQ.SCI.OVRL,,,,,,,,,,,,,,,,,,,,,,,,,,,,,,,,,,,,,,,,,,,,,,,,,,,,,,,,,90,,,,,
"Macao SAR, China",MAC,Statistical Capacity Score (Overall Average) (scale 0 - 100),IQ.SCI.OVRL,,,,,,,,,,,,,,,,,,,,,,,,,,,,,,,,,,,,,,,,,,,,,,,,,,,,,,,,,,,,,,
St. Martin (French part),MAF,Statistical Capacity Score (Overall Average) (scale 0 - 100),IQ.SCI.OVRL,,,,,,,,,,,,,,,,,,,,,,,,,,,,,,,,,,,,,,,,,,,,,,,,,,,,,,,,,,,,,,
Morocco,MAR,Statistical Capacity Score (Overall Average) (scale 0 - 100),IQ.SCI.OVRL,,,,,,,,,,,,,,,,,,,,,,,,,,,,,,,,,,,,,,,,,,,,,80,78.88888889,82.22222222,82.22222222,80,82.22222222,77.77777778,75.55555556,72.22222222,78.88888889,78.88888889,81.11113333,84.44446667,76.66663333,73.33333333,66.66666667,66.66666667,
Monaco,MCO,Statistical Capacity Score (Overall Average) (scale 0 - 100),IQ.SCI.OVRL,,,,,,,,,,,,,,,,,,,,,,,,,,,,,,,,,,,,,,,,,,,,,,,,,,,,,,,,,,,,,,
Moldova,MDA,Statistical Capacity Score (Overall Average) (scale 0 - 100),IQ.SCI.OVRL,,,,,,,,,,,,,,,,,,,,,,,,,,,,,,,,,,,,,,,,,,,,,74.44444444,83.33333333,86.66666667,86.66666667,86.66666667,84.44444444,84.44444444,84.44444444,91.11111111,94.44444444,94.44444444,95.55556667,95.55556667,92.22223333,92.22223333,91.1111,91.1111,
Madagascar,MDG,Statistical Capacity Score (Overall Average) (scale 0 - 100),IQ.SCI.OVRL,,,,,,,,,,,,,,,,,,,,,,,,,,,,,,,,,,,,,,,,,,,,,63.33333333,63.33333333,65.55555556,65.55555556,67.77777778,67.77777778,67.77777778,66.66666667,64.44444444,63.33333333,62.22222222,58.8889,62.22223333,56.66666667,47.7778,55.5556,54.4445,
Maldives,MDV,Statistical Capacity Score (Overall Average) (scale 0 - 100),IQ.SCI.OVRL,,,,,,,,,,,,,,,,,,,,,,,,,,,,,,,,,,,,,,,,,,,,,,71.11111111,71.11111111,64.44444444,68.88888889,61.11111111,65.55555556,66.66666667,71.11111111,68.88888889,66.66666667,55.55553333,50,52.2222,63.3333,64.44443333,63.33333333,
Middle East & North Africa,MEA,Statistical Capacity Score (Overall Average) (scale 0 - 100),IQ.SCI.OVRL,,,,,,,,,,,,,,,,,,,,,,,,,,,,,,,,,,,,,,,,,,,,,,,,,,,,,,,,,,,,,,
Mexico,MEX,Statistical Capacity Score (Overall Average) (scale 0 - 100),IQ.SCI.OVRL,,,,,,,,,,,,,,,,,,,,,,,,,,,,,,,,,,,,,,,,,,,,,74.44444444,72.22222222,68.88888889,70,76.66666667,80,85.55555556,88.88888889,87.77777778,87.77777778,85.55555556,92.22223333,98.8889,93.33336667,90,93.33333333,80,
Marshall Islands,MHL,Statistical Capacity Score (Overall Average) (scale 0 - 100),IQ.SCI.OVRL,,,,,,,,,,,,,,,,,,,,,,,,,,,,,,,,,,,,,,,,,,,,,,32.22222222,32.22222222,36.66666667,41.11111111,41.11111111,41.11111111,46.66666667,53.33333333,53.33333333,46.66666667,37.77776667,28.8889,32.2222,32.2222,32.2222,35.55553333,
Middle income,MIC,Statistical Capacity Score (Overall Average) (scale 0 - 100),IQ.SCI.OVRL,,,,,,,,,,,,,,,,,,,,,,,,,,,,,,,,,,,,,,,,,,,,,68.86145414,70.74071335,70.09483748,70.78588077,70.79943073,70.61576965,71.0106829,71.67336012,70.33068784,69.62091503,70.72026144,71.51634902,71.60784863,71.63398902,70.24837255,69.7124251,68.36602078,
North Macedonia,MKD,Statistical Capacity Score (Overall Average) (scale 0 - 100),IQ.SCI.OVRL,,,,,,,,,,,,,,,,,,,,,,,,,,,,,,,,,,,,,,,,,,,,,76.66666667,77.77777778,74.44444444,74.44444444,81.11111111,75.55555556,78.88888889,78.88888889,80,80,84.44444444,83.33333333,81.1111,81.11113333,86.6667,82.22223333,72.22223333,
Mali,MLI,Statistical Capacity Score (Overall Average) (scale 0 - 100),IQ.SCI.OVRL,,,,,,,,,,,,,,,,,,,,,,,,,,,,,,,,,,,,,,,,,,,,,55.55555556,57.77777778,68.88888889,67.77777778,61.11111111,63.33333333,63.33333333,63.33333333,66.66666667,67.77777778,66.66666667,65.55556667,65.55556667,65.55556667,57.7778,67.7778,60,
Malta,MLT,Statistical Capacity Score (Overall Average) (scale 0 - 100),IQ.SCI.OVRL,,,,,,,,,,,,,,,,,,,,,,,,,,,,,,,,,,,,,,,,,,,,,,,,,,,,,,,,,,,,,,
Myanmar,MMR,Statistical Capacity Score (Overall Average) (scale 0 - 100),IQ.SCI.OVRL,,,,,,,,,,,,,,,,,,,,,,,,,,,,,,,,,,,,,,,,,,,,,60,62.22222222,61.11111111,57.77777778,57.77777778,48.88888889,52.22222222,51.11111111,48.88888889,50,46.66666667,55.55553333,55.55553333,64.4444,65.55553333,74.44446667,74.44446667,
Middle East & North Africa (excluding high income),MNA,Statistical Capacity Score (Overall Average) (scale 0 - 100),IQ.SCI.OVRL,,,,,,,,,,,,,,,,,,,,,,,,,,,,,,,,,,,,,,,,,,,,,57.77777788,63.63636364,64.44444455,65.05050515,66.06060576,62.03703667,61.25000028,64.07407417,63.70370389,63.42592593,63.42592593,64.44445833,62.12964167,61.01851944,58.14815833,57.12963611,53.79630278,
Montenegro,MNE,Statistical Capacity Score (Overall Average) (scale 0 - 100),IQ.SCI.OVRL,,,,,,,,,,,,,,,,,,,,,,,,,,,,,,,,,,,,,,,,,,,,,53.33333333,52.22333333,53.33333333,57.77777778,60,56.66666667,57.77777778,67.77777778,67.77777778,72.22222222,75.55555556,72.22223333,72.22223333,76.6667,76.6667,85.55556667,85.55556667,
Mongolia,MNG,Statistical Capacity Score (Overall Average) (scale 0 - 100),IQ.SCI.OVRL,,,,,,,,,,,,,,,,,,,,,,,,,,,,,,,,,,,,,,,,,,,,,72.22222222,78.88888889,78.88888889,80,80,75.55555556,74.44444444,77.77777778,77.77777778,83.33333333,83.33333333,74.44443333,82.2222,78.88886667,81.1111,91.11113333,92.22223333,
Northern Mariana Islands,MNP,Statistical Capacity Score (Overall Average) (scale 0 - 100),IQ.SCI.OVRL,,,,,,,,,,,,,,,,,,,,,,,,,,,,,,,,,,,,,,,,,,,,,,,,,,,,,,,,,,,,,,
Mozambique,MOZ,Statistical Capacity Score (Overall Average) (scale 0 - 100),IQ.SCI.OVRL,,,,,,,,,,,,,,,,,,,,,,,,,,,,,,,,,,,,,,,,,,,,,67.77777778,70,70,68.88888889,68.88888889,72.22222222,72.22222222,72.22222222,77.77777778,77.77777778,74.44444444,72.22223333,71.1111,68.8889,64.4445,64.4445,62.22226667,
Mauritania,MRT,Statistical Capacity Score (Overall Average) (scale 0 - 100),IQ.SCI.OVRL,,,,,,,,,,,,,,,,,,,,,,,,,,,,,,,,,,,,,,,,,,,,,55.55555556,54.44444444,61.11111111,61.11111111,57.77777778,65.55555556,62.22222222,63.33333333,56.66666667,60,58.88888889,66.6667,58.88893333,56.6667,61.11113333,54.44446667,61.11113333,
Mauritius,MUS,Statistical Capacity Score (Overall Average) (scale 0 - 100),IQ.SCI.OVRL,,,,,,,,,,,,,,,,,,,,,,,,,,,,,,,,,,,,,,,,,,,,,70,67.77777778,67.77777778,67.77777778,71.11111111,70,70,73.33333333,80,75.55555556,85.55555556,93.33336667,91.11113333,85.55556667,82.22223333,85.55556667,85.55556667,
Malawi,MWI,Statistical Capacity Score (Overall Average) (scale 0 - 100),IQ.SCI.OVRL,,,,,,,,,,,,,,,,,,,,,,,,,,,,,,,,,,,,,,,,,,,,,67.77777778,64.44444444,67.77777778,75.55555556,73.33333333,73.33333333,78.88888889,77.77777778,74.44444444,78.88888889,75.55555556,75.55556667,74.44446667,77.7778,77.7778,73.33333333,70,
Malaysia,MYS,Statistical Capacity Score (Overall Average) (scale 0 - 100),IQ.SCI.OVRL,,,,,,,,,,,,,,,,,,,,,,,,,,,,,,,,,,,,,,,,,,,,,75.55555556,78.88888889,84.44444444,81.11111111,80,84.44444444,80,76.66666667,70,71.11111111,74.44444444,74.44443333,77.77776667,81.1111,78.8889,78.8889,76.6667,
North America,NAC,Statistical Capacity Score (Overall Average) (scale 0 - 100),IQ.SCI.OVRL,,,,,,,,,,,,,,,,,,,,,,,,,,,,,,,,,,,,,,,,,,,,,,,,,,,,,,,,,,,,,,
Namibia,NAM,Statistical Capacity Score (Overall Average) (scale 0 - 100),IQ.SCI.OVRL,,,,,,,,,,,,,,,,,,,,,,,,,,,,,,,,,,,,,,,,,,,,,58.88888889,58.88888889,56.66666667,58.88888889,56.66666667,50,52.22222222,57.77777778,56.66666667,54.44444444,48.88888889,47.7778,58.88893333,56.66666667,53.33336667,50.00003333,51.11113333,
New Caledonia,NCL,Statistical Capacity Score (Overall Average) (scale 0 - 100),IQ.SCI.OVRL,,,,,,,,,,,,,,,,,,,,,,,,,,,,,,,,,,,,,,,,,,,,,,,,,,,,,,,,,,,,,,
Niger,NER,Statistical Capacity Score (Overall Average) (scale 0 - 100),IQ.SCI.OVRL,,,,,,,,,,,,,,,,,,,,,,,,,,,,,,,,,,,,,,,,,,,,,64.44444444,65.55555556,68.88888889,68.88888889,61.11111111,62.22222222,67.77777778,71.11111111,70,72.22222222,67.77777778,71.11113333,71.11113333,72.22223333,67.7778,67.7778,68.8889,
Nigeria,NGA,Statistical Capacity Score (Overall Average) (scale 0 - 100),IQ.SCI.OVRL,,,,,,,,,,,,,,,,,,,,,,,,,,,,,,,,,,,,,,,,,,,,,44.44444444,50,47.77777778,60,67.77777778,66.66666667,68.88888889,73.33333333,74.44444444,72.22222222,72.22222222,71.1111,67.77776667,63.33333333,63.33333333,56.66666667,53.33333333,
Nicaragua,NIC,Statistical Capacity Score (Overall Average) (scale 0 - 100),IQ.SCI.OVRL,,,,,,,,,,,,,,,,,,,,,,,,,,,,,,,,,,,,,,,,,,,,,78.88888889,83.33333333,76.66666667,76.66666667,70,72.22222222,75.55555556,71.11111111,68.88888889,65.55555556,65.55555556,70,70,68.8889,58.8889,51.11113333,46.66666667,
Netherlands,NLD,Statistical Capacity Score (Overall Average) (scale 0 - 100),IQ.SCI.OVRL,,,,,,,,,,,,,,,,,,,,,,,,,,,,,,,,,,,,,,,,,,,,,,,,,,,,,,,,,,,,,,
Norway,NOR,Statistical Capacity Score (Overall Average) (scale 0 - 100),IQ.SCI.OVRL,,,,,,,,,,,,,,,,,,,,,,,,,,,,,,,,,,,,,,,,,,,,,,,,,,,,,,,,,,,,,,
Nepal,NPL,Statistical Capacity Score (Overall Average) (scale 0 - 100),IQ.SCI.OVRL,,,,,,,,,,,,,,,,,,,,,,,,,,,,,,,,,,,,,,,,,,,,,72.22222222,75.55555556,80,74.44444444,67.77777778,67.77777778,64.44444444,63.33333333,66.66666667,61.11111111,65.55555556,72.22223333,70.00003333,73.33333333,74.44443333,74.44443333,72.22223333,
Nauru,NRU,Statistical Capacity Score (Overall Average) (scale 0 - 100),IQ.SCI.OVRL,,,,,,,,,,,,,,,,,,,,,,,,,,,,,,,,,,,,,,,,,,,,,,,,,,,,,,,,,,16.66666667,20,16.66666667,37.77773333,
New Zealand,NZL,Statistical Capacity Score (Overall Average) (scale 0 - 100),IQ.SCI.OVRL,,,,,,,,,,,,,,,,,,,,,,,,,,,,,,,,,,,,,,,,,,,,,,,,,,,,,,,,,,,,,,
OECD members,OED,Statistical Capacity Score (Overall Average) (scale 0 - 100),IQ.SCI.OVRL,,,,,,,,,,,,,,,,,,,,,,,,,,,,,,,,,,,,,,,,,,,,,,,,,,,,,,,,,,,,,,
Oman,OMN,Statistical Capacity Score (Overall Average) (scale 0 - 100),IQ.SCI.OVRL,,,,,,,,,,,,,,,,,,,,,,,,,,,,,,,,,,,,,,,,,,,,,,,,,,,,,,,,,,,,,,
Other small states,OSS,Statistical Capacity Score (Overall Average) (scale 0 - 100),IQ.SCI.OVRL,,,,,,,,,,,,,,,,,,,,,,,,,,,,,,,,,,,,,,,,,,,,,60.41666667,59.72222208,55.67901222,53.58024704,54.0740737,54.44444444,58.27160519,59.25925926,57.22222233,56.44444444,56.88888889,56.55556333,58.08080909,57.11110667,57.77777667,59.77778,59.22223,
Pakistan,PAK,Statistical Capacity Score (Overall Average) (scale 0 - 100),IQ.SCI.OVRL,,,,,,,,,,,,,,,,,,,,,,,,,,,,,,,,,,,,,,,,,,,,,73.33333333,80,81.11111111,85.55555556,84.44444444,83.33333333,76.66666667,74.44444444,71.11111111,67.77777778,74.44444444,75.55556667,75.55556667,75.55556667,74.44446667,71.11113333,72.22223333,
Panama,PAN,Statistical Capacity Score (Overall Average) (scale 0 - 100),IQ.SCI.OVRL,,,,,,,,,,,,,,,,,,,,,,,,,,,,,,,,,,,,,,,,,,,,,75.55555556,75.55555556,75.55555556,76.66666667,73.33333333,76.66666667,78.88888889,74.44444444,75.55555556,75.55555556,82.22222222,78.8889,73.33336667,68.8889,68.8889,73.33333333,61.1111,
Peru,PER,Statistical Capacity Score (Overall Average) (scale 0 - 100),IQ.SCI.OVRL,,,,,,,,,,,,,,,,,,,,,,,,,,,,,,,,,,,,,,,,,,,,,93.33333333,84.44444444,80,78.88888889,80,81.11111111,81.11111111,81.11111111,83.33333333,88.88888889,98.88888889,93.33333333,93.33333333,90,83.33333333,80,80,
Philippines,PHL,Statistical Capacity Score (Overall Average) (scale 0 - 100),IQ.SCI.OVRL,,,,,,,,,,,,,,,,,,,,,,,,,,,,,,,,,,,,,,,,,,,,,81.11111111,86.66666667,83.33333333,88.88888889,92.22222222,92.22222222,88.88888889,88.88888889,83.33333333,84.44444444,77.77777778,82.2222,82.2222,82.2222,81.11113333,81.11113333,82.22223333,
Palau,PLW,Statistical Capacity Score (Overall Average) (scale 0 - 100),IQ.SCI.OVRL,,,,,,,,,,,,,,,,,,,,,,,,,,,,,,,,,,,,,,,,,,,,,,36.66666667,37.77777778,34.44444444,34.44444444,34.44444444,34.44444444,30,33.33333333,33.33333333,36.66666667,42.2222,48.88886667,45.55553333,48.88886667,48.88886667,48.88886667,
Papua New Guinea,PNG,Statistical Capacity Score (Overall Average) (scale 0 - 100),IQ.SCI.OVRL,,,,,,,,,,,,,,,,,,,,,,,,,,,,,,,,,,,,,,,,,,,,,46.66666667,48.88888889,52.22222222,47.77777778,44.44444444,48.88888889,41.11111111,37.77777778,37.77777778,37.77777778,46.66666667,45.55556667,50,43.33333333,53.3333,52.22216667,52.22216667,
Poland,POL,Statistical Capacity Score (Overall Average) (scale 0 - 100),IQ.SCI.OVRL,,,,,,,,,,,,,,,,,,,,,,,,,,,,,,,,,,,,,,,,,,,,,83.33333333,86.66666667,86.66666667,86.66666667,86.66666667,86.66666667,85.55555556,82.22222222,82.22222222,84.44444444,78.88888889,85.55556667,77.7778,77.7778,82.22223333,82.22223333,78.8889,
Pre-demographic dividend,PRE,Statistical Capacity Score (Overall Average) (scale 0 - 100),IQ.SCI.OVRL,,,,,,,,,,,,,,,,,,,,,,,,,,,,,,,,,,,,,,,,,,,,,51.07744101,52.25589222,52.90849667,53.88888882,53.39869284,54.24836618,56.40522892,57.25490186,56.85714257,56.89814815,56.34259259,57.80865463,58.30248056,58.24074722,55.98766667,56.72840648,55.12346667,
Puerto Rico,PRI,Statistical Capacity Score (Overall Average) (scale 0 - 100),IQ.SCI.OVRL,,,,,,,,,,,,,,,,,,,,,,,,,,,,,,,,,,,,,,,,,,,,,,,,,,,,,,,,,,,,,,
"Korea, Dem. People's Rep.",PRK,Statistical Capacity Score (Overall Average) (scale 0 - 100),IQ.SCI.OVRL,,,,,,,,,,,,,,,,,,,,,,,,,,,,,,,,,,,,,,,,,,,,,,,,,,,,,,,,,,,,,,
Portugal,PRT,Statistical Capacity Score (Overall Average) (scale 0 - 100),IQ.SCI.OVRL,,,,,,,,,,,,,,,,,,,,,,,,,,,,,,,,,,,,,,,,,,,,,,,,,,,,,,,,,,,,,,
Paraguay,PRY,Statistical Capacity Score (Overall Average) (scale 0 - 100),IQ.SCI.OVRL,,,,,,,,,,,,,,,,,,,,,,,,,,,,,,,,,,,,,,,,,,,,,58.88888889,62.22222222,62.22222222,65.55555556,66.66666667,71.11111111,70,70,70,71.11111111,71.11111111,72.22223333,70.00003333,67.77776667,64.44443333,65.55556667,65.55556667,
West Bank and Gaza,PSE,Statistical Capacity Score (Overall Average) (scale 0 - 100),IQ.SCI.OVRL,,,,,,,,,,,,,,,,,,,,,,,,,,,,,,,,,,,,,,,,,,,,,,,,,,40,42.22222222,67.77777778,74.44444444,83.33333333,82.22222222,80,70,80,73.33333333,76.66666667,77.7778,
Pacific island small states,PSS,Statistical Capacity Score (Overall Average) (scale 0 - 100),IQ.SCI.OVRL,,,,,,,,,,,,,,,,,,,,,,,,,,,,,,,,,,,,,,,,,,,,,,,,,,,,,,,,,,,,,,
Post-demographic dividend,PST,Statistical Capacity Score (Overall Average) (scale 0 - 100),IQ.SCI.OVRL,,,,,,,,,,,,,,,,,,,,,,,,,,,,,,,,,,,,,,,,,,,,,,,,,,,,,,,,,,,,,,
French Polynesia,PYF,Statistical Capacity Score (Overall Average) (scale 0 - 100),IQ.SCI.OVRL,,,,,,,,,,,,,,,,,,,,,,,,,,,,,,,,,,,,,,,,,,,,,,,,,,,,,,,,,,,,,,
Qatar,QAT,Statistical Capacity Score (Overall Average) (scale 0 - 100),IQ.SCI.OVRL,,,,,,,,,,,,,,,,,,,,,,,,,,,,,,,,,,,,,,,,,,,,,,,,,,,,,,,,,,,,,,
Romania,ROU,Statistical Capacity Score (Overall Average) (scale 0 - 100),IQ.SCI.OVRL,,,,,,,,,,,,,,,,,,,,,,,,,,,,,,,,,,,,,,,,,,,,,88.88888889,93.33333333,96.66666667,96.66666667,96.66666667,95.55555556,95.55555556,95.55555556,92.22222222,86.66666667,87.77777778,82.22223333,77.7778,81.11113333,81.11113333,78.88886667,84.44446667,
Russian Federation,RUS,Statistical Capacity Score (Overall Average) (scale 0 - 100),IQ.SCI.OVRL,,,,,,,,,,,,,,,,,,,,,,,,,,,,,,,,,,,,,,,,,,,,,75.55555556,87.77777778,76.66666667,83.33333333,83.33333333,84.44444444,87.77777778,90,82.22222222,82.22222222,84.44444444,81.11113333,81.11113333,83.33333333,83.33333333,82.22223333,82.22223333,
Rwanda,RWA,Statistical Capacity Score (Overall Average) (scale 0 - 100),IQ.SCI.OVRL,,,,,,,,,,,,,,,,,,,,,,,,,,,,,,,,,,,,,,,,,,,,,61.11111111,63.33333333,64.44444444,66.66666667,66.66666667,74.44444444,67.77777778,67.77777778,76.66666667,73.33333333,78.88888889,73.33336667,70.00003333,77.7778,65.55556667,65.55556667,73.33333333,
South Asia,SAS,Statistical Capacity Score (Overall Average) (scale 0 - 100),IQ.SCI.OVRL,,,,,,,,,,,,,,,,,,,,,,,,,,,,,,,,,,,,,,,,,,,,,65.74074111,68.88888889,70.37037056,71.11111111,69.81481444,69.07407444,70,68.51851833,67.96296333,66.66666667,72.40740741,71.11112222,72.5926,74.07408333,70.55556667,69.07408333,69.81483333,
Saudi Arabia,SAU,Statistical Capacity Score (Overall Average) (scale 0 - 100),IQ.SCI.OVRL,,,,,,,,,,,,,,,,,,,,,,,,,,,,,,,,,,,,,,,,,,,,,,,,,,,,,,,,,,,,,,
Sudan,SDN,Statistical Capacity Score (Overall Average) (scale 0 - 100),IQ.SCI.OVRL,,,,,,,,,,,,,,,,,,,,,,,,,,,,,,,,,,,,,,,,,,,,,35.55555556,31.11111111,33.33333333,36.66666667,35.55555556,42.22222222,44.44444444,44.44444444,43.33333333,40,43.33333333,51.1111,63.33336667,66.66666667,71.1111,71.1111,54.4445,
Senegal,SEN,Statistical Capacity Score (Overall Average) (scale 0 - 100),IQ.SCI.OVRL,,,,,,,,,,,,,,,,,,,,,,,,,,,,,,,,,,,,,,,,,,,,,78.88888889,76.66666667,73.33333333,77.77777778,72.22222222,70,73.33333333,66.66666667,63.33333333,71.11111111,73.33333333,75.55556667,75.55556667,76.66666667,81.11113333,80,66.66663333,
Singapore,SGP,Statistical Capacity Score (Overall Average) (scale 0 - 100),IQ.SCI.OVRL,,,,,,,,,,,,,,,,,,,,,,,,,,,,,,,,,,,,,,,,,,,,,,,,,,,,,,,,,,,,,,
Solomon Islands,SLB,Statistical Capacity Score (Overall Average) (scale 0 - 100),IQ.SCI.OVRL,,,,,,,,,,,,,,,,,,,,,,,,,,,,,,,,,,,,,,,,,,,,,,31.11111111,31.11111111,31.11111111,30,33.33333333,40,42.22222222,42.22222222,50,53.33333333,48.88886667,48.88886667,52.2222,54.44446667,48.8889,55.55556667,
Sierra Leone,SLE,Statistical Capacity Score (Overall Average) (scale 0 - 100),IQ.SCI.OVRL,,,,,,,,,,,,,,,,,,,,,,,,,,,,,,,,,,,,,,,,,,,,,30,40,43.33333333,47.77777778,46.66666667,52.22222222,52.22222222,48.88888889,54.44444444,58.88888889,58.88888889,63.33336667,63.33336667,58.8889,55.55556667,55.55556667,60.00003333,
El Salvador,SLV,Statistical Capacity Score (Overall Average) (scale 0 - 100),IQ.SCI.OVRL,,,,,,,,,,,,,,,,,,,,,,,,,,,,,,,,,,,,,,,,,,,,,74.44444333,74.44444444,74.44444444,74.44444444,77.77777778,84.44444444,91.11111111,87.77777778,91.11111111,91.11111111,91.11111111,91.11113333,92.22223333,92.22223333,85.55556667,88.8889,82.22223333,
San Marino,SMR,Statistical Capacity Score (Overall Average) (scale 0 - 100),IQ.SCI.OVRL,,,,,,,,,,,,,,,,,,,,,,,,,,,,,,,,,,,,,,,,,,,,,,,,,,,,,,,,,,,,,,
Somalia,SOM,Statistical Capacity Score (Overall Average) (scale 0 - 100),IQ.SCI.OVRL,,,,,,,,,,,,,,,,,,,,,,,,,,,,,,,,,,,,,,,,,,,,,22.22222222,22.22222222,23.33333333,26.66666667,23.33333333,24.44444444,26.66666667,23.33333333,26.66666667,24.44444444,20,20,20,23.33333333,26.66666667,26.66666667,34.44443333,
Serbia,SRB,Statistical Capacity Score (Overall Average) (scale 0 - 100),IQ.SCI.OVRL,,,,,,,,,,,,,,,,,,,,,,,,,,,,,,,,,,,,,,,,,,,,,53.33333333,62.22,64.44333333,68.88666667,68.88666667,75.55333333,75.55333333,83.33333333,83.33333333,91.11111111,92.33333333,90,90,93.33333333,86.66666667,88.8889,88.8889,
Sub-Saharan Africa (excluding high income),SSA,Statistical Capacity Score (Overall Average) (scale 0 - 100),IQ.SCI.OVRL,,,,,,,,,,,,,,,,,,,,,,,,,,,,,,,,,,,,,,,,,,,,,55.58201048,56.40211635,56.90476175,57.11640198,56.21693119,57.16931222,58.83597897,59.60317444,59.17312651,58.75,58.11868687,59.49496136,59.54546591,59.79798561,58.2070803,58.88889773,57.19697879,
South Sudan,SSD,Statistical Capacity Score (Overall Average) (scale 0 - 100),IQ.SCI.OVRL,,,,,,,,,,,,,,,,,,,,,,,,,,,,,,,,,,,,,,,,,,,,,,,,,,,,,,26.11111111,29.44444444,34.44446667,37.7778,43.33333333,42.22223333,45.55556667,43.3333,
Sub-Saharan Africa,SSF,Statistical Capacity Score (Overall Average) (scale 0 - 100),IQ.SCI.OVRL,,,,,,,,,,,,,,,,,,,,,,,,,,,,,,,,,,,,,,,,,,,,,,,,,,,,,,,,,,,,,,
Small states,SST,Statistical Capacity Score (Overall Average) (scale 0 - 100),IQ.SCI.OVRL,,,,,,,,,,,,,,,,,,,,,,,,,,,,,,,,,,,,,,,,,,,,,62.33333333,62.66666633,59.19191909,57.67676788,57.57575727,57.17171697,60.90909091,62.32323212,59.9074075,59.44444444,59.16666667,58.33334167,59.82905897,57.40740278,57.31481111,58.88889167,57.87037778,
Sao Tome and Principe,STP,Statistical Capacity Score (Overall Average) (scale 0 - 100),IQ.SCI.OVRL,,,,,,,,,,,,,,,,,,,,,,,,,,,,,,,,,,,,,,,,,,,,,,51.11111111,51.11111111,60,60,65.55555556,61.11111111,61.11111111,63.33333333,70,68.88888889,65.55556667,60.00003333,70,63.33333333,63.33333333,57.77783333,
Suriname,SUR,Statistical Capacity Score (Overall Average) (scale 0 - 100),IQ.SCI.OVRL,,,,,,,,,,,,,,,,,,,,,,,,,,,,,,,,,,,,,,,,,,,,,,50,51.11111111,55.55555556,55.55555556,70,71.11111111,73.33333333,64.44444444,63.33333333,63.33333333,62.22226667,65.55556667,72.22223333,71.11113333,71.11113333,57.77776667,
Slovak Republic,SVK,Statistical Capacity Score (Overall Average) (scale 0 - 100),IQ.SCI.OVRL,,,,,,,,,,,,,,,,,,,,,,,,,,,,,,,,,,,,,,,,,,,,,88.88888889,85.55555556,84.44444444,84.44444444,85.55555556,83.33333333,83.33333333,83.33333333,83.33333333,86.66666667,83.33333333,86.66666667,83.33333333,,,,,
Slovenia,SVN,Statistical Capacity Score (Overall Average) (scale 0 - 100),IQ.SCI.OVRL,,,,,,,,,,,,,,,,,,,,,,,,,,,,,,,,,,,,,,,,,,,,,,,,,,,,,,,,,,,,,,
Sweden,SWE,Statistical Capacity Score (Overall Average) (scale 0 - 100),IQ.SCI.OVRL,,,,,,,,,,,,,,,,,,,,,,,,,,,,,,,,,,,,,,,,,,,,,,,,,,,,,,,,,,,,,,
Eswatini,SWZ,Statistical Capacity Score (Overall Average) (scale 0 - 100),IQ.SCI.OVRL,,,,,,,,,,,,,,,,,,,,,,,,,,,,,,,,,,,,,,,,,,,,,65.55555556,65.55555556,66.66666667,60,61.11111111,64.44444444,67.77777778,64.44444444,65.55555556,60,60,58.8889,55.55556667,58.8889,71.1111,66.66666667,71.11113333,
Sint Maarten (Dutch part),SXM,Statistical Capacity Score (Overall Average) (scale 0 - 100),IQ.SCI.OVRL,,,,,,,,,,,,,,,,,,,,,,,,,,,,,,,,,,,,,,,,,,,,,,,,,,,,,,,,,,,,,,
Seychelles,SYC,Statistical Capacity Score (Overall Average) (scale 0 - 100),IQ.SCI.OVRL,,,,,,,,,,,,,,,,,,,,,,,,,,,,,,,,,,,,,,,,,,,,,,61.11111111,61.11111111,64.44444444,65.55555556,65.55555556,58.88888889,56.66666667,63.33333333,65.55555556,62.22222222,65.55553333,69.99996667,78.88886667,75.55553333,72.2222,72.2222,
Syrian Arab Republic,SYR,Statistical Capacity Score (Overall Average) (scale 0 - 100),IQ.SCI.OVRL,,,,,,,,,,,,,,,,,,,,,,,,,,,,,,,,,,,,,,,,,,,,,57.77777778,61.11111111,61.11111111,56.66666667,62.22222222,54.44444444,56.66666667,60,52.22222222,43.33333333,44.44444444,47.77776667,37.7778,32.22223333,30,26.66666667,22.2222,
Turks and Caicos Islands,TCA,Statistical Capacity Score (Overall Average) (scale 0 - 100),IQ.SCI.OVRL,,,,,,,,,,,,,,,,,,,,,,,,,,,,,,,,,,,,,,,,,,,,,,,,,,,,,,,,,,,,,,
Chad,TCD,Statistical Capacity Score (Overall Average) (scale 0 - 100),IQ.SCI.OVRL,,,,,,,,,,,,,,,,,,,,,,,,,,,,,,,,,,,,,,,,,,,,,60,61.11111111,61.11111111,52.22222222,51.11111111,53.33333333,56.66666667,54.44444444,64.44444444,63.33333333,63.33333333,65.5556,54.4445,48.8889,51.11113333,50.00003333,54.44446667,
East Asia & Pacific (IDA & IBRD countries),TEA,Statistical Capacity Score (Overall Average) (scale 0 - 100),IQ.SCI.OVRL,,,,,,,,,,,,,,,,,,,,,,,,,,,,,,,,,,,,,,,,,,,,,70.3030303,72.32323242,69.25925944,69.62962944,70.0925925,69.35185222,69.35185194,69.16666667,67.40740722,68.88888889,71.38888889,72.03703889,73.33333056,73.70369722,74.16666944,75.0926,74.53704444,
Europe & Central Asia (IDA & IBRD countries),TEC,Statistical Capacity Score (Overall Average) (scale 0 - 100),IQ.SCI.OVRL,,,,,,,,,,,,,,,,,,,,,,,,,,,,,,,,,,,,,,,,,,,,,75.76719582,79.15333323,79.20629619,79.84116413,81.11100524,81.16391513,80.89936529,81.26984159,81.26984106,78.83838384,78.33838384,77.77778636,77.9293,79.04041061,78.48485606,77.77778182,77.32323636,
Togo,TGO,Statistical Capacity Score (Overall Average) (scale 0 - 100),IQ.SCI.OVRL,,,,,,,,,,,,,,,,,,,,,,,,,,,,,,,,,,,,,,,,,,,,,52.22222222,50,53.33333333,54.44444444,47.77777778,47.77777778,51.11111111,54.44444444,56.66666667,63.33333333,64.44444444,65.55556667,68.8889,70,73.33333333,74.44443333,67.7778,
Thailand,THA,Statistical Capacity Score (Overall Average) (scale 0 - 100),IQ.SCI.OVRL,,,,,,,,,,,,,,,,,,,,,,,,,,,,,,,,,,,,,,,,,,,,,82.22222222,82.22222222,82.22222222,81.11111111,81.11111111,80,80,83.33333333,82.22222222,80,83.33333333,85.55556667,85.55556667,90,82.22223333,80,83.33333333,
Tajikistan,TJK,Statistical Capacity Score (Overall Average) (scale 0 - 100),IQ.SCI.OVRL,,,,,,,,,,,,,,,,,,,,,,,,,,,,,,,,,,,,,,,,,,,,,72.22222222,74.44444444,71.11111111,72.22222222,73.33333333,77.77777778,74.44444444,75.55555556,75.55555556,75.55555556,75.55555556,81.11113333,81.11113333,77.7778,73.33333333,73.33333333,72.22223333,
Turkmenistan,TKM,Statistical Capacity Score (Overall Average) (scale 0 - 100),IQ.SCI.OVRL,,,,,,,,,,,,,,,,,,,,,,,,,,,,,,,,,,,,,,,,,,,,,48.88888889,45.55555556,46.66666667,45.55555556,45.55555556,45.55555556,38.88888889,38.88888889,44.44444444,43.33333333,43.33333333,33.33333333,34.44443333,35.55553333,34.44443333,34.44443333,34.44443333,
Latin America & the Caribbean (IDA & IBRD countries),TLA,Statistical Capacity Score (Overall Average) (scale 0 - 100),IQ.SCI.OVRL,,,,,,,,,,,,,,,,,,,,,,,,,,,,,,,,,,,,,,,,,,,,,75.97883619,75.87301603,75.29100556,76.77248683,76.71957667,77.77777762,78.67724873,78.46560825,76.82539667,76.45502646,77.88359788,79.15344921,78.73016508,75.71428889,72.7513254,71.32275556,69.89418254,
Timor-Leste,TLS,Statistical Capacity Score (Overall Average) (scale 0 - 100),IQ.SCI.OVRL,,,,,,,,,,,,,,,,,,,,,,,,,,,,,,,,,,,,,,,,,,,,,,32.22222222,32.22222222,35.55555556,42.22222222,45.55555556,55.55555556,52.22222222,46.66666667,53.33333333,64.44444444,62.22223333,66.66666667,64.44443333,67.7778,67.7778,71.11113333,
Middle East & North Africa (IDA & IBRD countries),TMN,Statistical Capacity Score (Overall Average) (scale 0 - 100),IQ.SCI.OVRL,,,,,,,,,,,,,,,,,,,,,,,,,,,,,,,,,,,,,,,,,,,,,57.77777788,63.63636364,64.44444455,65.05050515,66.06060576,64.04040364,62.97979818,63.73737394,62.72727303,61.61616162,61.71717172,63.03031818,61.41415455,59.2929303,56.76768788,55.35354242,51.61616667,
Tonga,TON,Statistical Capacity Score (Overall Average) (scale 0 - 100),IQ.SCI.OVRL,,,,,,,,,,,,,,,,,,,,,,,,,,,,,,,,,,,,,,,,,,,,,,53.33333333,52.22222222,56.66666667,57.77777778,58.88888889,58.88888889,58.88888889,58.88888889,46.66666667,50,47.77776667,52.2222,52.2222,56.66666667,56.66666667,54.44443333,
South Asia (IDA & IBRD),TSA,Statistical Capacity Score (Overall Average) (scale 0 - 100),IQ.SCI.OVRL,,,,,,,,,,,,,,,,,,,,,,,,,,,,,,,,,,,,,,,,,,,,,65.74074111,68.88888889,70.37037056,71.11111111,69.81481444,69.07407444,70,68.51851833,67.96296333,66.66666667,72.40740741,71.11112222,72.5926,74.07408333,70.55556667,69.07408333,69.81483333,
Sub-Saharan Africa (IDA & IBRD countries),TSS,Statistical Capacity Score (Overall Average) (scale 0 - 100),IQ.SCI.OVRL,,,,,,,,,,,,,,,,,,,,,,,,,,,,,,,,,,,,,,,,,,,,,55.58201048,56.40211635,56.90476175,57.11640198,56.21693119,57.16931222,58.83597897,59.60317444,59.17312651,58.75,58.11868687,59.49496136,59.54546591,59.79798561,58.2070803,58.88889773,57.19697879,
Trinidad and Tobago,TTO,Statistical Capacity Score (Overall Average) (scale 0 - 100),IQ.SCI.OVRL,,,,,,,,,,,,,,,,,,,,,,,,,,,,,,,,,,,,,,,,,,,,,63.33333333,71.11111111,73.33333333,75.55555556,75.55555556,67.77777778,71.11111111,71.11111111,67.77777778,70,62.22222222,56.66666667,61.1111,46.66666667,47.77776667,47.77776667,47.77776667,
Tunisia,TUN,Statistical Capacity Score (Overall Average) (scale 0 - 100),IQ.SCI.OVRL,,,,,,,,,,,,,,,,,,,,,,,,,,,,,,,,,,,,,,,,,,,,,72.22222222,77.77777778,76.66666667,76.66666667,74.44444444,76.66666667,78.88888889,77.77777778,74.44444444,73.33333333,72.22222222,76.66673333,76.6667,62.22223333,60.00003333,71.11113333,58.8889,
Turkiye,TUR,Statistical Capacity Score (Overall Average) (scale 0 - 100),IQ.SCI.OVRL,,,,,,,,,,,,,,,,,,,,,,,,,,,,,,,,,,,,,,,,,,,,,82.22222222,81.11111111,80,78.88888889,84.44444444,86.66666667,84.44444444,85.55555556,84.44444444,85.55555556,84.44444444,82.22223333,77.7778,85.55556667,77.7778,81.11113333,81.11113333,
Tuvalu,TUV,Statistical Capacity Score (Overall Average) (scale 0 - 100),IQ.SCI.OVRL,,,,,,,,,,,,,,,,,,,,,,,,,,,,,,,,,,,,,,,,,,,,,,,,,,,,,,30,33.33333333,37.77776667,39.99996667,38.88883333,47.77776667,47.77776667,47.77776667,
Tanzania,TZA,Statistical Capacity Score (Overall Average) (scale 0 - 100),IQ.SCI.OVRL,,,,,,,,,,,,,,,,,,,,,,,,,,,,,,,,,,,,,,,,,,,,,67.77777778,63.33333333,61.11111111,61.11111111,65.55555556,63.33333333,67.77777778,72.22222222,72.22222222,72.22222222,72.22222222,75.5556,73.33336667,71.1111,66.6667,62.22223333,63.33333333,
Uganda,UGA,Statistical Capacity Score (Overall Average) (scale 0 - 100),IQ.SCI.OVRL,,,,,,,,,,,,,,,,,,,,,,,,,,,,,,,,,,,,,,,,,,,,,60,68.88888889,70,71.11111111,65.55555556,62.22222222,70,70,67.77777778,73.33333333,64.44444444,72.22226667,68.88893333,74.44446667,71.11113333,67.7778,71.11113333,
Ukraine,UKR,Statistical Capacity Score (Overall Average) (scale 0 - 100),IQ.SCI.OVRL,,,,,,,,,,,,,,,,,,,,,,,,,,,,,,,,,,,,,,,,,,,,,83.33333333,86.66666667,87.77777778,84.44444444,84.44444444,87.77777778,87.77777778,88.88888889,92.22222222,91.11111111,91.11111111,91.1111,83.33333333,77.7778,77.7778,72.2222,72.2222,
Upper middle income,UMC,Statistical Capacity Score (Overall Average) (scale 0 - 100),IQ.SCI.OVRL,,,,,,,,,,,,,,,,,,,,,,,,,,,,,,,,,,,,,,,,,,,,,71.65242194,73.47572661,72.90595462,74.04552718,74.52985735,74.55834729,74.82900311,75.8404559,74.08333331,72.27642276,72.7398374,73.38753902,74.17344715,74.55284797,72.19512602,71.35501707,70.43360976,
Uruguay,URY,Statistical Capacity Score (Overall Average) (scale 0 - 100),IQ.SCI.OVRL,,,,,,,,,,,,,,,,,,,,,,,,,,,,,,,,,,,,,,,,,,,,,82.22222222,85.55555556,90,90,92.22222222,92.22222222,95.55555556,94.44444444,94.44444444,92.22222222,90,88.88886667,88.88886667,85.55553333,77.7778,77.7778,80,
United States,USA,Statistical Capacity Score (Overall Average) (scale 0 - 100),IQ.SCI.OVRL,,,,,,,,,,,,,,,,,,,,,,,,,,,,,,,,,,,,,,,,,,,,,,,,,,,,,,,,,,,,,,
Uzbekistan,UZB,Statistical Capacity Score (Overall Average) (scale 0 - 100),IQ.SCI.OVRL,,,,,,,,,,,,,,,,,,,,,,,,,,,,,,,,,,,,,,,,,,,,,57.77777778,60,57.77777778,57.77777778,61.11111111,57.77777778,61.11111111,61.11111111,57.77777778,57.77777778,54.44444444,51.11113333,48.88883333,51.1111,61.1111,64.44443333,67.77776667,
St. Vincent and the Grenadines,VCT,Statistical Capacity Score (Overall Average) (scale 0 - 100),IQ.SCI.OVRL,,,,,,,,,,,,,,,,,,,,,,,,,,,,,,,,,,,,,,,,,,,,,,60,62.22222222,62.22222222,54.44444444,51.11111111,54.44444444,53.33333333,53.33333333,46.66666667,55.55555556,55.55556667,60,56.66666667,53.33333333,60,50,
"Venezuela, RB",VEN,Statistical Capacity Score (Overall Average) (scale 0 - 100),IQ.SCI.OVRL,,,,,,,,,,,,,,,,,,,,,,,,,,,,,,,,,,,,,,,,,,,,,80,82.22222222,82.22222222,86.66666667,90,86.66666667,83.33333333,78.88888889,77.77777778,80,81.11111111,82.22223333,82.22223333,68.8889,58.8889,57.77776667,62.22223333,
British Virgin Islands,VGB,Statistical Capacity Score (Overall Average) (scale 0 - 100),IQ.SCI.OVRL,,,,,,,,,,,,,,,,,,,,,,,,,,,,,,,,,,,,,,,,,,,,,,,,,,,,,,,,,,,,,,
Virgin Islands (U.S.),VIR,Statistical Capacity Score (Overall Average) (scale 0 - 100),IQ.SCI.OVRL,,,,,,,,,,,,,,,,,,,,,,,,,,,,,,,,,,,,,,,,,,,,,,,,,,,,,,,,,,,,,,
Vietnam,VNM,Statistical Capacity Score (Overall Average) (scale 0 - 100),IQ.SCI.OVRL,,,,,,,,,,,,,,,,,,,,,,,,,,,,,,,,,,,,,,,,,,,,,71.11111111,71.11111111,72.22222222,71.11111111,72.22222222,65.55555556,64.44444444,71.11111111,71.11111111,74.44444444,76.66666667,82.22223333,82.22223333,83.33333333,83.33333333,78.8889,74.44446667,
Vanuatu,VUT,Statistical Capacity Score (Overall Average) (scale 0 - 100),IQ.SCI.OVRL,,,,,,,,,,,,,,,,,,,,,,,,,,,,,,,,,,,,,,,,,,,,,,44.44444444,51.11111111,48.88888889,58.88888889,56.66666667,42.22222222,53.33333333,47.77777778,43.33333333,43.33333333,45.55556667,50,52.2222,45.55553333,48.88886667,36.66666667,
World,WLD,Statistical Capacity Score (Overall Average) (scale 0 - 100),IQ.SCI.OVRL,,,,,,,,,,,,,,,,,,,,,,,,,,,,,,,,,,,,,,,,,,,,,,,,,,,,,,,,,,,,,,
Samoa,WSM,Statistical Capacity Score (Overall Average) (scale 0 - 100),IQ.SCI.OVRL,,,,,,,,,,,,,,,,,,,,,,,,,,,,,,,,,,,,,,,,,,,,,,55.55555556,52.22222222,50,51.11111111,53.33333333,48.88888889,48.88888889,51.11111111,53.33333333,53.33333333,53.33336667,54.44446667,57.7778,56.6667,60.00003333,57.7778,
Kosovo,XKX,Statistical Capacity Score (Overall Average) (scale 0 - 100),IQ.SCI.OVRL,,,,,,,,,,,,,,,,,,,,,,,,,,,,,,,,,,,,,,,,,,,,,,,,,,,,,,30,33.33333333,40,43.33333333,43.33333333,36.66666667,40,41.1111,
"Yemen, Rep.",YEM,Statistical Capacity Score (Overall Average) (scale 0 - 100),IQ.SCI.OVRL,,,,,,,,,,,,,,,,,,,,,,,,,,,,,,,,,,,,,,,,,,,,,56.66666667,56.66666667,62.22222222,65.55555556,64.44444444,55.55555556,48.88888889,47.77777778,46.66666667,52.22222222,55.55555556,55.5556,47.77783333,44.44446667,42.22226667,38.88886667,27.77776667,
South Africa,ZAF,Statistical Capacity Score (Overall Average) (scale 0 - 100),IQ.SCI.OVRL,,,,,,,,,,,,,,,,,,,,,,,,,,,,,,,,,,,,,,,,,,,,,86.66666667,86.66666667,90,91.11111111,86.66666667,81.11111111,82.22222222,81.11111111,72.22222222,76.66666667,74.44444444,81.1111,82.22223333,75.55556667,75.55556667,75.55556667,81.11113333,
Zambia,ZMB,Statistical Capacity Score (Overall Average) (scale 0 - 100),IQ.SCI.OVRL,,,,,,,,,,,,,,,,,,,,,,,,,,,,,,,,,,,,,,,,,,,,,65.55555556,62.22222222,55.55555556,58.88888889,58.88888889,58.88888889,57.77777778,60,62.22222222,56.66666667,60,60.00003333,53.33336667,52.22223333,55.55556667,55.55556667,53.33336667,
Zimbabwe,ZWE,Statistical Capacity Score (Overall Average) (scale 0 - 100),IQ.SCI.OVRL,,,,,,,,,,,,,,,,,,,,,,,,,,,,,,,,,,,,,,,,,,,,,57.77777778,61.11111111,57.77777778,51.11111111,42.22222222,46.66666667,51.11111111,54.44444444,53.33333333,54.44444444,57.77777778,62.2222,55.55553333,59.99996667,59.99996667,56.66663333,58.8889,
